ID_REF,GSM1015744,GSM1015745,GSM1015746,GSM1015747,GSM1015748,GSM1015749,GSM1015750,GSM1015751,GSM1015752,GSM1015753,GSM1015754,GSM1015755,GSM1015756,GSM1015757,GSM1015758,GSM1015759,GSM1015760,GSM1015761
bkv-miR-B1-3p跋miR-J1-3p,14.33,10.38,13.27,15.37,21.97,14.45,14.89,10.41,16.12,13.04,17.04,16.24,17.02,16.75,10.25,21.66,24.35,11.43
bkv-miR-B1-5p,5.52,11.27,5.52,9.42,4.96,9.71,10.92,12.5,9.92,11.27,19.36,6.2,7.59,16.75,13.84,18.78,9.49,11.43
ebv-miR-BART1-3p,9.46,7.71,10.02,8.25,12.31,7.22,14.89,16.77,12.35,11.27,17.04,8.35,12.6,35.52,10.25,16.24,12.33,8.24
ebv-miR-BART1-5p,8.35,11.97,11.27,5.59,12.31,18.71,7.59,7.22,13.2,7.22,7.36,7.22,7.59,6.72,10.25,6.41,4.23,8.24
ebv-miR-BART10,29.56,26.92,27.31,20.93,20.33,72.45,20.12,20.93,24.38,562.62,26.68,20.09,41.63,16.75,23.8,45.95,12.33,35.97
ebv-miR-BART11-3p,26.71,20.03,8.24,4.73,12.31,16.74,14.89,7.22,11.02,17.13,15.87,12.99,15.45,12.97,7.22,11.03,19.57,9.68
ebv-miR-BART11-5p,5.52,7.22,9.42,4.73,3.72,7.62,3.35,7.97,7.71,7.22,12.75,9.71,7.59,9.71,7.22,6.41,0,7.17
ebv-miR-BART12,8.35,12.6,1.66,12.27,4.96,6.28,9.46,9.46,5.56,9.46,4.73,4.14,3.23,6.72,10.25,3.07,12.33,3.13
ebv-miR-BART13,3.59,7.71,2.91,9.42,10.45,7.62,7.59,9.46,9.33,3.8,7.36,6.2,4.23,6.72,20.44,7.22,14.71,5.5
ebv-miR-BART14,11.43,9.71,10.02,12.27,4.96,26.52,4.73,15.45,9.92,11.27,1.66,4.14,12.6,6.72,17.21,8.24,4.23,9.68
ebv-miR-BART15,24.04,19.1,12.4,15.37,23.8,12.75,9.46,7.97,9.33,37.45,31.19,31.67,12.6,12.97,20.44,20.2,24.35,11.43
ebv-miR-BART16,13.33,9.71,17.26,22.92,20.33,20.06,12.35,13.36,14.15,7.22,15.87,20.09,21.23,23.99,30.03,45.95,24.35,35.97
ebv-miR-BART17-3p,17.48,18.26,17.26,23.56,34.45,14.45,20.12,7.97,16.92,17.13,17.76,21.57,12.6,2.91,3.28,23.53,19.57,26.68
ebv-miR-BART17-5p,22.89,24.41,23.11,30.15,41.82,25.72,13.36,21.57,22.32,19.69,40.31,25.23,28.81,76.95,20.44,80.47,56.09,35.97
ebv-miR-BART18-3p,15.9,19.57,10.02,17.48,12.31,6.28,9.46,16.77,11.02,9.46,12.75,9.71,23.08,23.99,20.44,9.64,12.33,23.72
ebv-miR-BART18-5p,9.46,12.6,7.22,9.42,12.31,12.3,10.92,11.43,16.92,17.13,11.46,18.74,14.15,12.97,17.21,21.66,12.33,23.72
ebv-miR-BART19-3p,17.48,16.77,16.66,22.92,30.39,20.06,22.24,16.77,9.92,37.45,21.57,16.24,17.02,20.12,30.03,17.23,41.36,17.22
ebv-miR-BART19-5p,15.9,4.73,9.42,9.42,15.87,4.96,4.73,6.4,4.73,17.13,9.33,3.13,9.38,16.75,3.28,12.5,12.33,23.72
ebv-miR-BART2-3p,12.47,7.22,5.52,8.25,10.45,7.62,13.36,15.45,1.81,5.52,4.73,3.13,24.38,9.71,17.21,13.85,17.13,19.57
ebv-miR-BART2-5p,24.04,17.32,23.8,25.25,21.97,19.5,17.72,20.07,21.81,22.04,12.75,21.57,18.28,16.75,13.84,17.23,24.35,21.57
ebv-miR-BART20-3p,13.33,21.69,21.57,20.93,19.1,13.8,17.72,7.22,19.54,26.27,25.25,11.43,18.28,20.12,17.21,12.5,19.57,26.68
ebv-miR-BART20-5p,10.39,9.33,4.38,12.27,23.8,12.75,7.59,15.45,7.22,14.89,11.46,16.24,12.6,9.71,10.25,9.64,9.49,8.24
ebv-miR-BART21-3p,23.55,14.33,16.66,17.48,19.1,30.8,36.36,16.77,16.92,167,15.87,25.23,28.81,29.01,13.84,38.62,9.49,11.43
ebv-miR-BART21-5p,9.46,19.57,6.41,13.87,17.23,7.22,14.89,9.46,15.02,7.22,10.02,9.71,17.02,6.72,20.44,13.85,12.33,11.43
ebv-miR-BART22,6.41,3.91,12.4,2.38,1.66,4.96,3.35,7.22,1.13,7.22,3.59,7.22,6.28,6.72,10.25,1.48,12.33,5.5
ebv-miR-BART3,8.35,7.71,6.41,3.8,9.44,4.02,10.92,5.01,5.56,11.27,7.36,9.71,7.59,9.71,10.25,11.03,14.71,17.22
ebv-miR-BART4,9.46,11.97,9.42,5.59,3.72,14.45,6.28,1.57,3.59,5.52,10.02,4.14,7.59,16.75,3.28,9.64,7.22,5.5
ebv-miR-BART5,8.35,11.97,13.27,7.23,58.74,7.22,9.46,6.4,7.22,13.04,7.36,14.33,10.02,29.01,7.22,21.66,9.49,17.22
ebv-miR-BART6-3p,23.55,24.41,21.57,24.38,41.82,19.5,29.01,11.43,23.8,37.45,34.54,30.15,35,12.97,34.45,27.04,26.78,62.82
ebv-miR-BART6-5p,13.33,15.37,14.33,12.27,30.39,17.23,50.4,14.45,19.54,26.27,15.87,16.24,31.04,20.12,17.21,36.88,30.72,173.5
ebv-miR-BART7,15.18,19.1,19.54,12.99,30.39,15.31,4.73,7.22,14.15,7.22,12.75,3.13,10.02,16.75,20.44,9.64,0,14.96
ebv-miR-BART8,11.43,13.36,17.26,11.03,28.07,15.31,22.24,9.46,26.84,19.69,17.04,26.76,24.38,16.75,13.84,17.23,24.35,30.39
ebv-miR-BART9,29.56,26.71,21.57,31.19,31.98,20.6,36.36,20.07,31.19,22.04,19.36,14.33,21.23,16.75,17.21,7.22,12.33,11.43
ebv-miR-BHRF1-1,5.52,9.33,12.4,7.23,3.72,7.22,6.28,3.84,7.22,17.13,6.41,3.13,9.38,2.91,7.22,7.22,14.71,8.24
ebv-miR-BHRF1-2,6.41,7.22,9.42,3.8,10.45,7.22,4.73,12.5,11.02,17.13,10.02,11.43,9.38,2.91,13.84,4.07,7.22,7.17
ebv-miR-BHRF1-3,10.39,16.77,17.72,8.25,12.31,19.5,10.92,12.5,20.12,7.22,15.87,9.71,14.15,9.71,17.21,7.22,26.78,21.57
hcmv-miR-UL112,3.59,9.33,8.24,8.25,6.41,4.96,3.35,6.4,3.59,3.8,7.36,4.14,6.28,6.72,20.44,7.22,4.23,3.8
hcmv-miR-UL148D,5.52,3.13,2.91,7.23,4.96,2.57,3.35,3.17,7.71,9.46,3.59,0,1.96,2.91,7.22,7.22,7.22,7.17
hcmv-miR-UL22A,12.47,14.33,20.04,16.45,14.33,14.45,26.9,18.81,21.81,241.38,29.4,31.67,24.38,29.01,7.22,17.23,19.57,35.97
hcmv-miR-UL36,10.39,21.69,20.25,22.92,36.88,30.8,13.36,29.33,34.84,13.04,21.57,20.09,31.04,9.71,20.44,11.03,14.71,35.97
hcmv-miR-UL70-3p,31.35,36.88,30.27,31.67,25.94,34.84,31.15,34.16,41.44,19.69,53.16,36.88,125.29,123.8,56.95,45.95,30.72,91.82
hcmv-miR-UL70-5p,9.46,14.33,11.27,7.23,9.44,9.71,10.92,11.43,11.02,11.27,12.75,12.99,20,9.71,13.84,18.78,17.13,21.57
hcmv-miR-US25-1,15.9,11.97,9.42,9.42,7.48,13.8,17.72,13.36,16.92,17.13,15.87,16.24,12.6,16.75,13.84,25.21,9.49,30.39
hcmv-miR-US25-2-3p,14.33,17.32,12.4,14.71,19.1,9.71,12.35,7.97,11.02,300.58,23.11,11.43,6.28,12.97,10.25,17.23,12.33,21.57
hcmv-miR-US25-2-5p,0.78,4.73,4.38,2.38,7.48,7.22,9.46,7.22,3.59,9.46,7.36,8.35,7.59,6.72,3.28,14.89,9.49,17.22
hcmv-miR-US33-3p,14.33,7.22,10.02,8.25,12.31,10.41,6.28,10.41,13.2,13.04,7.36,20.09,21.23,6.72,17.21,7.22,21.68,8.24
hcmv-miR-US33-5p,10.39,14.33,17.26,19.57,15.87,12.3,17.72,16.77,9.92,14.89,17.04,12.99,15.45,16.75,17.21,13.85,24.35,19.57
hcmv-miR-US4,12.47,11.97,14.33,13.87,10.45,11.27,10.92,15.45,14.15,14.89,14.39,12.99,9.38,29.01,13.84,9.64,12.33,7.17
hcmv-miR-US5-1,13.33,9.71,11.27,13.87,13.2,9.05,13.36,9.46,12.35,7.22,13.8,12.99,10.02,29.01,7.22,11.03,12.33,13.2
hcmv-miR-US5-2,28.01,21.69,25.72,19.57,38.67,20.06,24.8,21.97,21.57,62.2,40.31,45.49,38.51,35.52,20.44,29.4,26.78,91.82
hiv1-miR-H1,19.56,20.03,19.54,17.48,25.94,13.8,16.61,16.77,22.32,13.04,20.15,20.09,24.38,23.99,13.84,23.53,12.33,23.72
hiv1-miR-N367,12.47,9.71,15.37,14.71,7.48,18.71,3.35,7.22,12.35,14.89,21.57,11.43,12.6,9.71,13.84,14.89,12.33,13.2
hiv1-miR-TAR-3p,9.46,9.33,14.33,9.42,12.31,12.3,7.59,5.01,6.41,13.04,6.41,8.35,11.27,16.75,20.44,12.5,7.22,9.68
hsa-let-7a,1602.25,6526.88,3629.26,5004.36,5775.45,8199.77,4108.47,5775.45,8199.77,449.43,4602.8,3629.26,2017.32,10069.97,8199.77,3263.72,4108.47,5004.36
hsa-let-7b,14028.29,10069.97,8199.77,8199.77,14028.29,6526.88,6526.88,6526.88,10069.97,47.59,14028.29,10069.97,10069.97,14028.29,5775.45,14028.29,4602.8,20525.19
hsa-let-7c,2118.81,2118.81,1379.2,801.77,2605.3,2780.47,583.3,2605.3,1158.78,996.67,890.74,749.47,637.71,1789.12,2249.61,749.47,488.76,1846.43
hsa-let-7d,779.79,2605.3,951.56,1602.25,4602.8,1602.25,1559.29,1789.12,2017.32,62.2,1459.74,1259.09,381.4,2068.06,1259.09,664.82,637.71,572.96
hsa-let-7e,311.89,618.5,283.05,285.67,779.79,507.21,488.76,618.5,530.12,300.58,779.79,637.71,359.29,779.79,731.98,838.07,583.3,497.99
hsa-let-7f,35.03,135.83,78.87,92.23,231.95,161.42,81.18,123.8,139.54,81.18,83.33,135.16,35,280.42,173.5,156.45,112.22,262.62
hsa-let-7g,2409.95,3629.26,2605.3,4108.47,2409.95,3890.86,2918.23,4602.8,3890.86,9.46,2118.81,2118.81,1379.2,1459.74,1846.43,1903.74,1602.25,637.71
hsa-let-7i,2249.61,2017.32,2409.95,1379.2,2918.23,2118.81,2409.95,2409.95,1903.74,31.04,583.3,618.5,688.92,530.12,2780.47,779.79,530.12,530.12
hsa-miR-1,26.71,45.32,43.01,40.31,34.45,44.37,55.59,161.42,65.79,838.07,26.68,25.23,31.04,9.71,20.44,20.2,26.78,47.91
hsa-miR-100,1305.14,664.82,266.94,231.95,2017.32,442.29,530.12,583.3,262.62,11.27,95.74,31.67,54.16,139.54,1602.25,80.47,143.33,104.43
hsa-miR-101,530.12,325.06,374.03,243.81,143.33,363.31,290.88,363.31,355.26,81.18,456.57,507.21,618.5,156.45,488.76,714.49,554.52,283.05
hsa-miR-103,94.27,1035.14,779.79,664.82,749.47,890.74,688.92,996.67,838.07,22.04,140.71,188.81,148.7,637.71,1158.78,169.51,335.16,262.62
hsa-miR-105,33.06,25.25,29.99,29.37,30.39,29.01,36.36,23.72,30.69,14.89,28.02,56.95,35,9.71,26.71,60.36,50.25,104.43
hsa-miR-106a蛆miR-17,85.7,78.87,110.44,91.4,151.01,106.29,92.23,74.13,78.87,1459.74,89.97,104.43,38.51,29.01,47.91,60.36,46.24,35.97
hsa-miR-106b,801.77,407.83,355.26,483.03,123.8,374.03,250.88,355.26,546.42,562.62,488.76,488.76,359.29,241.38,259.75,198.8,209.81,77.34
hsa-miR-107,16.92,82.08,56.49,63.3,70.21,73.53,62.2,66.22,55.09,13.04,24.35,28.34,14.15,16.75,56.95,20.2,21.68,30.39
hsa-miR-10a,135.83,688.92,421.29,388.76,838.07,530.12,618.5,637.71,637.71,37.45,41.44,60.1,26.71,156.45,414.56,31.5,87.34,77.34
hsa-miR-10b,25.86,30.88,37.11,36.94,54.51,43.18,77.76,42.72,63.78,17.13,23.11,23.44,14.15,29.01,38.67,11.03,19.57,19.57
hsa-miR-1178,24.41,51.49,35.72,37.56,20.33,56.09,17.72,83.68,49.39,22.04,9.33,20.09,7.59,20.12,56.95,4.07,9.49,11.43
hsa-miR-1179,11.43,12.6,20.04,12.99,12.31,18.71,7.59,23,21.57,26.27,12.75,9.71,10.02,12.97,30.03,14.89,4.23,21.57
hsa-miR-1180,30.72,7.22,20.04,16.45,19.1,4.96,4.73,10.41,5.56,7.22,10.02,17.32,4.23,2.91,17.21,1.48,7.22,11.43
hsa-miR-1181,24.41,7.71,18.78,20.15,25.94,20.6,10.92,14.45,16.12,22.04,20.15,23.44,14.15,9.71,20.44,41.63,46.24,17.22
hsa-miR-1182,9.46,10.38,7.22,10,20.33,7.62,17.72,10.41,16.12,241.38,7.36,12.99,28.81,16.75,10.25,9.64,14.71,21.57
hsa-miR-1183,14.33,3.13,11.27,12.27,10.45,10.41,10.92,9.46,7.22,22.04,7.36,14.33,14.15,12.97,17.21,14.89,17.13,21.57
hsa-miR-1185,16.92,21.69,23.8,28.76,12.31,27.61,14.89,26.92,23.8,22.04,12.75,12.99,10.02,12.97,13.84,12.5,14.71,5.5
hsa-miR-1197,13.33,14.33,16.66,13.87,14.33,13.8,6.28,6.4,15.02,13.04,20.15,36.88,6.28,16.75,10.25,27.04,12.33,11.43
hsa-miR-1200,10.39,13.36,13.27,5.59,17.23,21.57,9.46,21.97,20.12,5.52,10.02,16.24,9.38,16.75,13.84,12.5,9.49,14.96
hsa-miR-1201,8.35,3.91,2.91,5.59,7.48,6.28,7.59,6.4,7.22,11.27,11.46,12.99,6.28,6.72,3.28,8.24,12.33,5.5
hsa-miR-1203,59.18,25.88,20.04,34.07,44.68,20.06,9.46,23.72,18.31,31.04,74.44,83.68,113.99,20.12,17.21,104.43,73.83,35.97
hsa-miR-1204,13.33,25.25,7.22,20.15,13.2,29.01,14.89,23.72,20.58,22.04,11.46,17.32,26.71,29.01,10.25,9.64,17.13,19.57
hsa-miR-1205,9.46,12.6,11.27,17.04,10.45,20.6,13.36,12.5,16.12,22.04,7.36,7.22,10.02,6.72,20.44,11.03,7.22,14.96
hsa-miR-1206,15.18,18.26,17.72,13.87,19.1,12.3,20.12,16.77,25.94,37.45,23.11,25.23,64.57,20.12,23.8,41.63,24.35,130.04
hsa-miR-122,81.18,58.3,54.51,52.28,95.74,57.42,81.18,52.92,56.29,26.27,51.3,65.79,26.71,29.01,52.92,21.66,34.07,26.68
hsa-miR-1225-3p,17.48,29.78,23.8,34.45,21.97,26.9,31.15,23.72,25.94,31.04,23.11,20.09,35,29.01,38.67,18.78,24.35,26.68
hsa-miR-1226,13.33,11.97,14.33,17.48,23.8,15.31,22.24,16.77,20.12,26.27,23.11,12.99,26.71,29.01,13.84,27.04,14.71,77.34
hsa-miR-1227,14.33,7.71,15.37,10,9.44,9.05,22.24,11.43,7.22,113.99,13.8,16.24,14.15,12.97,13.84,17.23,7.22,14.96
hsa-miR-1228,13.33,19.1,12.4,12.99,10.45,21.66,16.61,15.45,20.12,11.27,11.46,16.24,11.27,12.97,13.84,6.41,7.22,9.68
hsa-miR-1231,12.47,9.71,10.02,10,19.1,14.45,13.36,16.77,9.92,9.46,11.46,16.24,21.23,12.97,7.22,9.64,9.49,17.22
hsa-miR-1233,8.35,9.33,7.22,19.57,2.38,13.8,22.24,20.93,14.15,7.22,6.41,7.22,3.23,9.71,13.84,7.22,12.33,8.24
hsa-miR-1236,20.09,28.92,22.2,25.25,13.2,34.45,10.92,31.24,24.38,7.22,17.04,9.71,14.15,6.72,7.22,8.24,17.13,5.5
hsa-miR-124,6.41,10.38,10.02,6.41,7.48,9.71,6.28,7.97,9.92,5.52,2.91,6.2,11.27,20.12,26.71,8.24,0,3.8
hsa-miR-1243,27.15,17.32,12.4,23.99,14.33,21.66,14.89,15.45,17.37,47.59,19.36,23.44,14.15,9.71,26.71,20.2,12.33,41.44
hsa-miR-1244,11.43,7.22,13.27,12.99,15.87,12.3,9.46,9.46,9.33,3.13,19.36,9.71,18.28,12.97,10.25,16.24,17.13,11.43
hsa-miR-1245,12.47,11.27,13.27,18.31,21.97,16.74,13.36,20.07,17.37,17.13,25.25,16.24,21.23,23.99,13.84,13.85,21.68,19.57
hsa-miR-1246,32.29,61.58,87.34,331.65,9.44,34.84,39.41,33.58,51.89,113.99,56.09,421.29,93.25,42.18,43.01,113.99,17.13,91.82
hsa-miR-1247,27.36,34.16,26.87,25.25,30.39,34.24,22.24,29.33,26.84,7.22,11.46,20.09,4.23,6.72,77.34,6.41,17.13,11.43
hsa-miR-1248,18.73,15.37,13.27,17.04,17.23,12.75,10.92,7.97,12.35,13.04,19.36,17.32,20,16.75,17.21,17.23,19.57,30.39
hsa-miR-1250,16.92,11.27,14.33,12.27,31.98,9.05,26.9,21.97,14.15,19.69,11.46,14.33,24.38,16.75,38.67,14.89,21.68,41.44
hsa-miR-1251,41.82,25.88,16.66,30.57,21.97,20.6,31.15,23.72,20.12,26.27,41.44,90.68,74.44,16.75,34.45,94.27,37.28,26.68
hsa-miR-1252,24.04,11.97,15.37,9.42,30.39,14.45,24.8,20.07,15.02,11.27,20.15,14.33,21.23,23.99,13.84,20.2,24.35,14.96
hsa-miR-1253,15.9,16.77,16.66,25.25,7.48,25.23,13.36,20.07,15.02,9.46,19.36,23.44,7.59,16.75,17.21,11.03,30.72,13.2
hsa-miR-1254,20.09,10.38,23.11,14.71,36.88,16.74,17.72,28.07,21.57,113.99,28.02,23.44,23.08,20.12,30.03,45.95,17.13,41.44
hsa-miR-1255a,21.66,27.47,13.27,25.25,28.07,23.55,24.8,20.07,30.05,37.45,24.35,20.09,31.04,29.01,20.44,17.23,19.57,26.68
hsa-miR-1256,11.43,2.35,7.22,12.27,3.72,10.41,7.59,12.5,7.22,13.04,7.36,6.2,7.59,6.72,17.21,3.07,7.22,9.68
hsa-miR-1257,19.56,15.37,14.33,12.99,7.48,16.74,10.92,14.45,11.02,11.27,12.75,8.35,15.45,16.75,7.22,16.24,9.49,30.39
hsa-miR-1258,4.02,7.22,6.41,3.8,7.48,7.62,4.73,3.84,7.71,7.22,9.33,4.14,12.6,16.75,10.25,11.03,14.71,7.17
hsa-miR-1259,12.47,15.37,12.4,3.8,17.23,12.3,17.72,13.36,16.12,13.04,7.36,6.2,18.28,16.75,3.28,14.89,14.71,11.43
hsa-miR-125a-3p,114.89,85.7,70.53,47.47,76.55,76.95,77.76,91.4,95.74,20525.19,36.88,41.36,28.81,259.75,88.14,16.24,19.57,749.47
hsa-miR-125a-5p,146.4,305.09,238.96,220.53,583.3,338.67,266.94,421.29,456.57,14.89,45,56.95,17.02,156.45,250.88,27.04,135.16,47.91
hsa-miR-125b,3890.86,8199.77,10069.97,6526.88,99666.74,10069.97,14028.29,8199.77,3263.72,37.45,996.67,1088.42,1158.78,1684.83,10069.97,1602.25,2605.3,4602.8
hsa-miR-126,4602.8,1559.29,3890.86,2017.32,3629.26,4108.47,4602.8,3629.26,2118.81,113.99,1684.83,1684.83,2249.61,3263.72,4108.47,2017.32,2118.81,2017.32
hsa-miR-1260,10069.97,2780.47,1259.09,2780.47,1602.25,2017.32,1158.78,3263.72,2918.23,11.27,10069.97,14028.29,14028.29,1580.77,1088.42,10069.97,8199.77,2780.47
hsa-miR-1261,16.92,6.28,33.63,10,14.33,7.22,6.28,13.36,15.02,17.13,24.35,16.24,12.6,2.91,7.22,20.2,9.49,21.57
hsa-miR-1262,24.04,15.37,20.56,20.93,17.23,19.5,17.72,29.33,20.58,17.13,31.19,43.18,35,20.12,13.84,18.78,21.68,35.97
hsa-miR-1263,17.48,13.36,18.78,19.57,15.87,14.45,16.61,10.41,9.33,22.04,26.68,21.57,18.28,20.12,17.21,38.62,17.13,26.68
hsa-miR-1266,29.01,29.4,17.72,26.74,74.13,25.23,47.71,28.07,18.31,22.04,37.56,28.34,54.16,9.71,26.71,89.97,41.36,77.34
hsa-miR-1268,20.93,21.69,23.8,15.37,25.94,14.45,16.61,25.25,16.92,47.59,17.76,20.09,17.02,20.12,26.71,18.78,9.49,26.68
hsa-miR-1269,13.33,16.77,8.24,13.87,15.87,9.05,14.89,6.4,14.15,14.89,13.8,14.33,12.6,2.91,10.25,18.78,9.49,21.57
hsa-miR-127-3p,256.88,76.55,72.45,56.29,54.51,67.05,22.24,97.13,89.97,11.27,115.8,38.57,20,23.99,130.04,18.78,37.28,17.22
hsa-miR-127-5p,33.06,21.69,21.57,17.04,20.33,27.2,39.41,21.97,20.58,26.27,12.75,17.32,21.23,16.75,30.03,18.78,26.78,19.57
hsa-miR-1271,4.02,18.26,17.26,14.71,13.2,21.57,20.12,18.81,21.57,14.89,14.39,17.32,11.27,51.3,10.25,16.24,14.71,19.57
hsa-miR-1272,15.18,9.71,12.4,5.59,23.8,15.31,17.72,17.34,17.37,167,15.87,23.44,21.23,20.12,30.03,25.21,24.35,62.82
hsa-miR-1274a,6526.88,507.21,256.88,546.42,331.65,285.67,374.03,838.07,477.3,19.69,2605.3,2605.3,6526.88,355.26,507.21,3890.86,5775.45,637.71
hsa-miR-1274b,8199.77,1158.78,488.76,1088.42,421.29,664.82,546.42,1602.25,951.56,17.13,5775.45,5775.45,8199.77,488.76,637.71,4108.47,10069.97,477.3
hsa-miR-1275,87.34,23.8,20.04,34.45,30.39,20.6,22.24,28.07,25.94,13.04,54.8,115.8,202.07,23.99,13.84,188.81,130.93,35.97
hsa-miR-1276,8.35,13.36,9.42,7.23,10.45,10.41,3.35,9.46,15.02,7.22,7.36,11.43,11.27,23.99,13.84,8.24,4.23,26.68
hsa-miR-1277,10.39,13.36,15.37,11.03,9.44,10.41,14.89,10.41,9.92,22.04,15.87,20.09,20,12.97,20.44,21.66,19.57,13.2
hsa-miR-1278,8.35,9.33,12.4,7.23,10.45,4.96,10.92,7.22,9.92,11.27,11.46,8.35,9.38,6.72,10.25,8.24,12.33,14.96
hsa-miR-1279,12.47,23.8,16.66,14.71,78.87,9.71,29.01,23,13.2,31.04,17.76,23.44,21.23,6.72,23.8,18.78,14.71,30.39
hsa-miR-128,35.92,36.02,37.56,23.99,13.2,41.08,10.92,41.36,31.19,37.45,29.4,26.76,15.45,16.75,38.67,20.2,24.35,23.72
hsa-miR-1280,6.41,6.28,9.42,6.41,10.45,7.22,13.36,5.01,4.73,26.27,6.41,14.33,3.23,12.97,13.84,3.07,14.71,13.2
hsa-miR-1281,10.39,11.27,13.27,12.27,15.87,6.28,12.35,14.45,11.02,81.18,12.75,14.33,20,16.75,10.25,17.23,0,21.57
hsa-miR-1282,15.18,18.26,12.4,17.48,7.48,23.55,3.35,23,20.58,31.04,17.04,16.24,45.66,23.99,10.25,52.92,21.68,35.97
hsa-miR-1283,0,0,0,0,0,0,0,0,0,0,0,0,0,2.91,3.28,0,0,0
hsa-miR-1284,17.48,13.36,5.52,12.99,9.44,3.5,7.59,10.41,3.59,11.27,17.76,12.99,9.38,16.75,3.28,9.64,34.07,5.5
hsa-miR-1285,13.33,13.36,11.27,7.23,10.45,10.41,6.28,11.43,7.22,7.22,11.46,12.99,12.6,9.71,13.84,9.64,17.13,21.57
hsa-miR-1286,29.56,30.1,21.57,27.61,28.07,25.23,22.24,20.93,23.8,113.99,31.19,23.44,35,20.12,47.91,23.53,69.89,21.57
hsa-miR-1287,16.92,20.41,20.04,23.56,25.94,17.52,13.36,17.34,20.12,26.27,17.76,18.74,17.02,42.18,20.44,21.66,12.33,17.22
hsa-miR-1288,11.43,3.91,7.22,2.38,6.41,12.75,6.28,3.84,2.57,9.46,2.91,4.14,6.28,29.01,20.44,6.41,9.49,3.8
hsa-miR-1289,11.43,11.97,5.52,11.03,10.45,10.41,13.36,10.41,12.35,11.27,9.33,16.24,11.27,9.71,13.84,11.03,14.71,19.57
hsa-miR-129-3p,164.49,38.62,216.73,51.49,7.48,38.57,44.14,74.13,12.35,7.22,15.87,7.22,11.27,6.72,10.25,9.64,24.35,13.2
hsa-miR-129-5p,65.79,20.41,39.17,18.31,4.96,16.74,13.36,31.24,6.41,19.69,9.33,9.71,10.02,16.75,13.84,8.24,17.13,14.96
hsa-miR-1290,18.73,23.19,23.8,21.59,6.41,28.73,12.35,17.34,21.57,5.52,40.31,14.33,12.6,20.12,13.84,7.22,9.49,7.17
hsa-miR-1291,16.92,16.77,16.66,20.15,36.88,17.52,24.8,18.81,15.02,17.13,20.15,20.09,21.23,9.71,13.84,27.04,26.78,13.2
hsa-miR-1292,15.18,16.77,16.66,19.57,28.07,14.45,14.89,20.07,16.92,62.2,17.04,20.09,9.38,16.75,13.84,23.53,30.72,41.44
hsa-miR-1293,7.23,9.33,7.22,3.8,6.41,3.5,10.92,10.41,3.59,5.52,1.66,4.14,4.23,2.91,3.28,11.03,14.71,9.68
hsa-miR-1294,22.89,17.32,16.66,9.42,28.07,12.3,14.89,9.46,19.54,26.27,21.57,17.32,41.63,12.97,23.8,20.2,26.78,17.22
hsa-miR-1296,7.23,2.35,3.72,8.25,9.44,4.02,7.59,9.46,7.22,5.52,7.36,4.14,7.59,12.97,10.25,5.52,7.22,11.43
hsa-miR-1297,28.74,33.37,29.4,22.92,30.39,43.92,55.59,37.11,30.05,1736.98,40.31,140.71,227.46,35.52,26.71,202.07,46.24,318.48
hsa-miR-1298,16.92,7.22,13.27,11.03,12.31,17.52,17.72,13.36,7.22,11.27,7.36,7.22,18.28,16.75,20.44,14.89,9.49,11.43
hsa-miR-1299,27.15,20.97,31.24,28.76,10.45,27.2,26.9,17.34,27.59,47.59,60.62,34.45,31.04,29.01,10.25,41.63,30.72,17.22
hsa-miR-1301,14.33,6.28,10.02,14.71,10.45,9.71,7.59,6.4,7.71,17.13,10.02,16.24,14.15,12.97,17.21,31.5,17.13,7.17
hsa-miR-1302,5.52,7.71,7.22,4.73,7.48,9.71,9.46,7.22,6.41,9.46,12.75,11.43,10.02,9.71,3.28,11.03,7.22,5.5
hsa-miR-1303,10.39,7.22,4.38,5.59,7.48,4.96,6.28,2.36,9.33,7.22,6.41,3.13,9.38,6.72,13.84,4.07,4.23,5.5
hsa-miR-1305,36.62,47.91,45.49,26.08,21.97,23.55,20.12,20.93,20.58,17.13,68.36,36.88,31.04,60.36,38.67,52.92,30.72,30.39
hsa-miR-1306,0.78,3.91,3.72,3.8,0,1.57,12.35,3.17,6.41,0,4.73,8.35,4.23,2.91,3.28,4.07,7.22,2.36
hsa-miR-1307,25.25,21.69,20.56,20.93,25.94,22.33,10.92,26.92,18.31,22.04,29.4,12.99,15.45,23.99,13.84,21.66,19.57,14.96
hsa-miR-1308,21.66,146.4,209.81,113.99,17.23,130.04,398.3,87.34,146.4,47.59,89.97,94.27,26.71,130.04,30.03,238.96,87.34,13.2
hsa-miR-130a,107.59,79.76,67.05,45.66,20.33,88.94,17.72,64.57,70.53,13.04,66.22,48.57,35,51.3,96.43,41.63,91.4,30.39
hsa-miR-130b,78.87,47.91,52.92,69.89,25.94,53.16,50.4,40.86,43.55,14.89,637.71,688.92,1789.12,398.3,47.91,1035.14,374.03,238.96
hsa-miR-132,1259.09,227.46,477.3,186.31,1015.91,355.26,477.3,256.88,135.83,4602.8,262.62,256.88,262.62,76.95,227.46,256.88,173.5,318.48
hsa-miR-1321,20.09,14.33,12.4,19.57,41.82,19.5,22.24,17.34,15.02,26.27,12.75,23.44,15.45,12.97,17.21,6.41,24.35,7.17
hsa-miR-1322,13.33,12.6,11.27,6.41,10.45,11.27,13.36,7.22,15.02,19.69,13.8,7.22,10.02,6.72,7.22,13.85,19.57,14.96
hsa-miR-1323,16.92,9.33,8.24,10,9.44,7.22,6.28,17.34,12.35,11.27,15.87,11.43,18.28,9.71,13.84,17.23,24.35,11.43
hsa-miR-133a,0,0,0,0,0,0,0,0,0,0,0,0,0,2.91,3.28,0,0,0
hsa-miR-133b,21.66,19.1,24.4,21.59,17.23,15.31,17.72,18.81,19.54,47.59,14.39,23.44,10.02,20.12,20.44,20.2,19.57,19.57
hsa-miR-134,19.56,44.14,33.63,36.11,36.88,35.52,39.41,30.03,38.92,1305.14,34.54,34.45,26.71,42.18,20.44,23.53,9.49,14.96
hsa-miR-135a,65.79,42.18,331.65,89.97,10.45,66.22,162.96,141.88,31.19,37.45,92.23,167,45.66,100.81,38.67,31.5,146.4,9.68
hsa-miR-135b,55.09,220.53,161.42,305.09,135.83,216.73,421.29,139.54,256.88,19.69,31.19,41.36,35,20.12,43.01,17.23,30.72,14.96
hsa-miR-136,1379.2,151.01,186.31,264.78,102.71,146.4,331.65,272.86,250.88,81.18,664.82,355.26,318.48,100.81,220.53,497.99,311.89,35.97
hsa-miR-137,34.66,43.01,48.57,29.37,17.23,25.72,47.71,30.57,33.91,507.21,24.35,23.44,23.08,42.18,20.44,29.4,12.33,54.8
hsa-miR-138,21.66,21.69,23.11,22,19.1,33.58,29.01,25.25,24.38,47.59,15.87,20.09,12.6,23.99,13.84,25.21,21.68,19.57
hsa-miR-139-5p,161.42,54.8,73.53,96.43,50.75,76.95,97.13,58.3,50.11,14.89,342.81,442.29,583.3,311.89,34.45,477.3,507.21,26.68
hsa-miR-140-3p,36.62,43.01,36.94,36.94,107.59,46.87,24.8,49.53,34.45,13.04,17.76,14.33,10.02,6.72,34.45,12.5,26.78,14.96
hsa-miR-140-5p,227.46,161.42,137.68,151.01,78.87,184.16,125.29,238.96,186.31,26.27,89.97,83.68,64.57,60.36,243.81,89.97,151.01,209.81
hsa-miR-141,355.26,338.67,749.47,779.79,15.87,346.95,664.82,198.8,442.29,19.69,4108.47,4108.47,4108.47,3629.26,114.89,5775.45,5004.36,801.77
hsa-miR-142-3p,4108.47,1602.25,2118.81,951.56,1789.12,1259.09,8199.77,1259.09,2409.95,113.99,363.31,305.09,26.71,51.3,3890.86,456.57,925.28,381.4
hsa-miR-142-5p,2918.23,363.31,801.77,191.3,355.26,618.5,338.67,507.21,714.49,241.38,151.01,78.52,41.63,20.12,477.3,45.95,82.98,77.34
hsa-miR-143,562.62,1459.74,1684.83,925.28,363.31,1559.29,325.06,5004.36,1684.83,17.13,182.01,96.43,177.76,335.16,1684.83,70.21,664.82,62.82
hsa-miR-144,1035.14,285.67,507.21,530.12,47.59,125.29,1088.42,202.07,583.3,19.69,925.28,583.3,664.82,346.95,583.3,442.29,790.78,130.04
hsa-miR-145,1459.74,3890.86,5004.36,2118.81,2780.47,5775.45,749.47,10069.97,5004.36,1158.78,231.95,218.63,148.7,311.89,1035.14,70.21,335.16,890.74
hsa-miR-1469,10.39,7.71,9.42,6.41,15.87,16.74,9.46,15.45,3.59,9.46,9.33,8.35,11.27,42.18,13.84,20.2,14.71,14.96
hsa-miR-146a,456.57,209.81,305.09,135.16,530.12,198.8,191.3,209.81,220.53,1602.25,100.08,73.53,113.99,123.8,235.45,75.66,91.4,209.81
hsa-miR-146b-3p,15.18,13.36,14.33,16.45,14.33,14.45,13.36,14.45,16.92,19.69,28.02,14.33,23.08,42.18,17.21,14.89,19.57,14.96
hsa-miR-146b-5p,61.1,70.53,74.76,65.36,102.71,78.17,44.14,70.21,52.92,26.27,60.62,104.43,64.57,42.18,120.61,52.92,123.8,47.91
hsa-miR-147,16.92,17.32,13.27,17.48,21.97,13.8,10.92,20.07,15.02,17.13,21.57,7.22,21.23,29.01,13.84,18.78,17.13,21.57
hsa-miR-1470,24.04,20.41,9.42,15.37,13.2,12.75,13.36,15.45,17.37,11.27,10.02,8.35,6.28,16.75,3.28,7.22,14.71,7.17
hsa-miR-147b,9.46,6.28,8.24,12.27,3.72,11.27,7.59,11.43,13.2,17.13,11.46,9.71,10.02,9.71,3.28,9.64,12.33,11.43
hsa-miR-148a,2780.47,2918.23,4602.8,10069.97,1015.91,3263.72,10069.97,1459.74,1379.2,628.1,20525.19,20525.19,20525.19,8199.77,1379.2,20525.19,20525.19,6526.88
hsa-miR-148b,182.01,169.51,164.49,164.49,801.77,130.04,243.81,156.45,120.61,241.38,173.5,276.64,243.81,311.89,280.42,269.9,269.9,701.71
hsa-miR-149,19.56,21.69,23.11,23.99,34.45,26.9,10.92,26.92,26.84,5.52,23.11,11.43,18.28,16.75,13.84,11.03,7.22,17.22
hsa-miR-150,688.92,1088.42,925.28,296.08,8199.77,1459.74,562.62,1305.14,488.76,31.04,42.84,34.45,38.51,198.8,2918.23,18.78,65.36,890.74
hsa-miR-151-3p,243.81,67.71,79.76,73.53,83.68,69.89,77.76,64.57,58.3,13.04,83.33,104.43,235.45,35.52,38.67,98.6,34.07,21.57
hsa-miR-151-5p,156.45,272.86,311.89,363.31,388.76,331.65,346.95,311.89,296.08,17.13,238.96,188.81,41.63,280.42,346.95,63.78,262.62,26.68
hsa-miR-152,28.01,107.59,69.89,75.66,23.8,81.18,47.71,76.55,83.33,9.46,13.8,21.57,14.15,139.54,259.75,11.03,78.17,5.5
hsa-miR-153,53.81,16.77,26.87,22.92,19.1,18.71,9.46,24.41,20.12,19.69,15.87,11.43,11.27,12.97,17.21,13.85,50.25,13.2
hsa-miR-1537,34.24,31.5,38.45,28.07,78.87,29.99,22.24,18.81,42.84,14.89,11.46,25.23,6.28,23.99,17.21,11.03,19.57,11.43
hsa-miR-1538,5.52,13.36,14.33,12.99,20.33,22.33,13.36,23,18.31,22.04,12.75,9.71,14.15,12.97,17.21,16.24,12.33,17.22
hsa-miR-1539,15.9,20.03,21.57,22,30.39,28.73,17.72,32.79,29.01,62.2,7.36,6.2,20,16.75,38.67,17.23,7.22,23.72
hsa-miR-154,114.89,104.98,88.94,143.33,346.95,101.55,231.95,94.27,78.17,26.27,135.83,76.55,54.16,182.01,135.16,75.66,50.25,47.91
hsa-miR-155,191.3,134.49,143.33,173.5,202.07,122.3,39.41,115.8,115.8,17.13,42.84,34.45,113.99,51.3,104.98,86.52,28.81,54.8
hsa-miR-15a,1158.78,996.67,1459.74,1158.78,1088.42,838.07,3629.26,951.56,1088.42,628.1,1035.14,779.79,801.77,925.28,925.28,951.56,790.78,351.11
hsa-miR-15b,388.76,202.07,220.53,238.96,890.74,184.16,305.09,191.3,280.42,17.13,280.42,296.08,342.81,449.43,374.03,283.05,227.46,2409.95
hsa-miR-16,0,5004.36,6526.88,4602.8,1459.74,3629.26,1903.74,2918.23,4602.8,0,507.21,87.34,0,4602.8,5004.36,182.01,2017.32,0
hsa-miR-181a,3263.72,1903.74,1903.74,1903.74,4108.47,1903.74,1305.14,1379.2,1559.29,10069.97,1379.2,1459.74,1259.09,951.56,951.56,1158.78,477.3,2918.23
hsa-miR-181b蛆miR-181d,43.55,69.89,60.1,47.91,50.75,60.1,59.64,43.55,57.42,47.59,35.29,30.15,28.81,35.52,20.44,31.5,46.24,26.68
hsa-miR-181c,57.86,57.42,67.05,51.1,74.13,58.3,44.14,50.11,51.1,26.27,58.3,34.45,18.28,23.99,47.91,25.21,60.1,62.82
hsa-miR-1825,12.47,14.33,17.26,15.37,23.8,13.8,22.24,21.97,20.12,47.59,13.8,12.99,12.6,16.75,13.84,12.5,9.49,17.22
hsa-miR-1827,12.47,15.37,17.72,17.04,17.23,7.62,10.92,12.5,13.2,22.04,14.39,12.99,17.02,6.72,17.21,16.24,12.33,8.24
hsa-miR-183,30.72,47.91,50.4,79.76,25.94,47.47,139.54,45.49,41.44,19.69,123.8,104.43,24.38,42.18,30.03,31.5,101.55,30.39
hsa-miR-184,7.23,7.71,10.02,12.99,4.96,7.22,9.46,7.97,7.22,14.89,7.36,11.43,18.28,9.71,7.22,5.52,7.22,11.43
hsa-miR-185,74.13,67.71,67.05,52.92,25.94,63.78,41.63,67.05,103.88,9.46,36.88,41.36,31.04,60.36,73.83,25.21,41.36,41.44
hsa-miR-186,363.31,110.44,113.99,115.8,54.51,135.83,86.52,103.88,129.16,19.69,220.53,218.63,456.57,554.52,161.42,269.9,250.88,62.82
hsa-miR-187,6.41,15.37,9.42,11.03,7.48,16.74,13.36,10.41,14.15,9.46,7.36,11.43,9.38,9.71,13.84,13.85,9.49,23.72
hsa-miR-188-3p,9.46,16.77,16.66,16.45,9.44,17.52,12.35,9.46,9.33,11.27,13.8,7.22,7.59,12.97,10.25,6.41,4.23,13.2
hsa-miR-188-5p,15.18,21.69,19.54,19.1,9.44,23.99,9.46,21.57,27.59,449.43,13.8,14.33,15.45,35.52,17.21,29.4,21.68,130.04
hsa-miR-18a,21.66,30.57,36.94,41.82,28.07,40.49,36.36,30.03,40.76,47.59,36.88,36.88,101.55,16.75,34.45,45.95,46.24,62.82
hsa-miR-18b,4.02,10.38,16.66,14.71,10.45,15.31,12.35,10.41,20.12,13.04,6.41,8.35,12.6,6.72,13.84,11.03,12.33,13.2
hsa-miR-190,16.92,14.33,17.72,13.87,28.07,15.31,22.24,11.43,18.31,37.45,10.02,17.32,17.02,12.97,10.25,20.2,19.57,17.22
hsa-miR-1908,14.33,9.33,8.24,7.23,6.41,18.71,20.12,18.81,15.02,17.13,19.36,11.43,18.28,12.97,13.84,8.24,19.57,11.43
hsa-miR-1909,13.33,10.38,10.02,4.73,91.82,9.71,14.89,7.97,12.35,5.52,6.41,7.22,7.59,9.71,3.28,6.41,7.22,9.68
hsa-miR-190b,24.04,35.03,31.24,31.19,102.71,38.57,22.24,37.75,35.29,26.27,13.8,9.71,11.27,9.71,26.71,11.03,17.13,9.68
hsa-miR-191,421.29,231.95,243.81,264.78,1903.74,262.62,507.21,231.95,285.67,701.71,285.67,346.95,250.88,241.38,216.73,188.81,198.8,351.11
hsa-miR-1910,14.33,15.37,15.37,12.27,14.33,7.22,24.8,14.45,16.12,17.13,9.33,23.44,15.45,2.91,10.25,17.23,14.71,8.24
hsa-miR-1911,24.04,23.8,18.78,23.99,17.23,23.55,20.12,23.72,14.15,9.46,33.52,31.67,23.08,12.97,23.8,25.21,30.72,30.39
hsa-miR-1912,25.86,29.78,30.27,32.79,58.74,30.8,29.01,18.81,34.45,113.99,33.52,38.57,93.25,20.12,23.8,34.63,37.28,91.82
hsa-miR-1913,13.33,16.77,11.27,20.15,19.1,13.8,34.07,14.45,19.54,62.2,15.87,26.76,21.23,23.99,23.8,25.21,28.81,104.43
hsa-miR-1914,8.35,20.03,5.52,6.41,14.33,7.62,24.8,16.77,18.31,300.58,20.15,17.32,15.45,12.97,10.25,18.78,14.71,47.91
hsa-miR-1915,19.56,22.9,13.27,13.87,21.97,21.57,31.15,20.07,24.38,22.04,26.68,9.71,21.23,42.18,26.71,9.64,24.35,30.39
hsa-miR-192,101.55,88.94,97.13,1305.14,0,250.88,115.8,0,231.95,0,305.09,10.45,996.67,1259.09,125.29,1088.42,618.5,0
hsa-miR-193a-3p,0,0,0,0,6.85,0,0,0,0,0,0,0,0,2.91,3.28,0,0,0
hsa-miR-193a-5p,37.56,33.7,23.11,28.76,23.8,35.97,12.35,30.92,35.97,13.04,24.35,12.99,12.6,12.97,13.84,16.24,4.23,13.2
hsa-miR-193b,477.3,331.65,283.05,311.89,488.76,173.5,198.8,285.67,374.03,31.04,421.29,1035.14,779.79,449.43,188.81,381.4,325.06,1061.78
hsa-miR-194,146.4,637.71,456.57,3890.86,95.74,749.47,363.31,456.57,1602.25,11.27,714.49,714.49,562.62,996.67,388.76,421.29,996.67,173.5
hsa-miR-195,46.87,374.03,169.51,227.46,216.73,296.08,118.91,296.08,120.61,19.69,143.33,146.4,74.44,139.54,359.29,57.42,141.88,47.91
hsa-miR-196a,37.11,0,0,0,0,0,0,0,0,0,0,0,0,2.91,3.28,0,0,0
hsa-miR-196b,29.01,36.02,37.56,30.57,47.59,29.99,67.05,34.54,36.62,1736.98,34.16,41.36,31.04,100.81,52.92,23.53,46.24,151.01
hsa-miR-197,28.74,49.25,50.4,42.39,241.38,53.81,29.01,49.25,53.81,7.22,15.87,8.35,7.59,9.71,26.71,8.24,19.57,11.43
hsa-miR-1973,10.39,24.41,20.56,25.25,30.39,12.3,20.12,15.45,23.8,31.04,10.02,12.99,17.02,16.75,13.84,21.66,17.13,17.22
hsa-miR-1974,40.86,92.23,34.45,38.37,20.33,33.58,16.61,15.45,182.01,11.27,21.57,34.45,49.39,20.12,20.44,25.21,46.24,11.43
hsa-miR-1975,97.13,182.01,107.59,107.59,198.8,94.27,41.63,110.44,305.09,9.46,28.02,21.57,9.38,16.75,101.55,13.85,34.07,77.34
hsa-miR-1976,5.52,7.71,7.22,13.87,6.41,7.62,10.92,3.84,9.33,3.8,14.39,16.24,12.6,9.71,10.25,6.41,9.49,8.24
hsa-miR-1977,7.23,21.69,13.27,12.99,2.38,9.71,7.59,6.4,14.15,0,15.87,9.71,3.23,12.97,7.22,3.07,17.13,8.24
hsa-miR-1978,8.35,20.41,12.4,16.45,17.23,27.61,17.72,11.43,25.94,14.89,17.76,12.99,10.02,29.01,10.25,16.24,28.81,14.96
hsa-miR-1979,346.95,256.88,325.06,250.88,714.49,151.01,173.5,305.09,227.46,26.27,838.07,1559.29,951.56,801.77,296.08,1559.29,731.98,2605.3
hsa-miR-198,12.47,7.22,8.24,8.25,10.45,7.22,10.92,7.97,7.22,11.27,11.46,8.35,17.02,2.91,7.22,8.24,7.22,13.2
hsa-miR-199a-3p蛆miR-199b-3p,1789.12,2249.61,1789.12,1035.14,2249.61,2605.3,2605.3,2249.61,1789.12,17.13,256.88,368.67,272.86,890.74,4602.8,381.4,554.52,283.05
hsa-miR-199a-5p,407.83,1305.14,1158.78,688.92,637.71,1789.12,311.89,1903.74,1459.74,9.46,130.93,52.92,38.51,296.08,1459.74,18.78,169.51,173.5
hsa-miR-199b-5p,262.62,801.77,583.3,483.03,951.56,925.28,801.77,1088.42,1259.09,22.04,83.33,182.01,26.71,220.53,2409.95,80.47,285.67,47.91
hsa-miR-19a,24.04,59.64,77.76,77.34,6.41,65.36,20.12,60.62,95.74,9.46,47.91,30.15,9.38,12.97,34.45,13.85,56.09,23.72
hsa-miR-19b,664.82,925.28,1559.29,1559.29,407.83,779.79,951.56,890.74,925.28,31.04,1559.29,1789.12,1459.74,1035.14,1305.14,1684.83,1789.12,1305.14
hsa-miR-200a,974.12,488.76,1088.42,2409.95,266.94,801.77,1379.2,546.42,1035.14,14028.29,1789.12,2017.32,1684.83,1379.2,161.42,1459.74,1684.83,572.96
hsa-miR-200b,238.96,456.57,1035.14,3629.26,325.06,996.67,1259.09,488.76,2249.61,37.45,1602.25,1602.25,1305.14,2918.23,202.07,1379.2,1559.29,1684.83
hsa-miR-200c,209.81,562.62,664.82,996.67,95.74,546.42,925.28,388.76,749.47,31.04,1903.74,3263.72,2605.3,6526.88,311.89,2409.95,2780.47,5775.45
hsa-miR-202,15.9,9.33,7.22,8.25,7.48,9.05,6.28,1.57,6.41,14.89,12.75,17.32,10.02,23.99,10.25,16.24,12.33,11.43
hsa-miR-203,16.92,35.03,29.01,47.91,15.87,42.72,16.61,26.32,45.32,47.59,20.15,21.57,21.23,12.97,17.21,13.85,41.36,21.57
hsa-miR-204,12.47,28.34,21.57,17.04,12.31,19.5,14.89,25.25,25.25,14.89,6.41,11.43,6.28,9.71,26.71,9.64,14.71,3.8
hsa-miR-205,9.46,14.33,58.74,14.71,14.33,16.74,31.15,266.94,17.37,113.99,7.36,26.76,12.6,12.97,13.84,6.41,12.33,7.17
hsa-miR-2052,17.48,19.1,14.33,19.57,17.23,9.05,31.15,20.07,19.54,17.13,14.39,11.43,28.81,60.36,10.25,25.21,24.35,14.96
hsa-miR-2053,13.33,14.33,16.66,10,21.97,15.31,22.24,12.5,18.31,167,13.8,23.44,41.63,23.99,10.25,23.53,14.71,19.57
hsa-miR-2054,25.25,11.97,10.02,12.27,17.23,16.74,17.72,17.34,12.35,17.13,19.36,25.23,38.51,35.52,13.84,25.21,37.28,17.22
hsa-miR-206,20.93,22.9,25.25,27.61,17.23,26.76,64.57,21.97,25.25,26.27,74.44,48.57,21.23,60.36,13.84,25.21,37.28,13.2
hsa-miR-208a,21.66,25.25,23.8,12.99,15.87,24.35,22.24,18.81,16.92,31.04,24.35,41.36,21.23,35.52,20.44,17.23,19.57,30.39
hsa-miR-208b,18.73,19.57,22.2,21.59,17.23,14.45,12.35,17.34,13.2,19.69,23.11,28.34,60.1,9.71,10.25,13.85,12.33,19.57
hsa-miR-20a蛆miR-20b,974.12,890.74,1602.25,1459.74,338.67,1305.14,890.74,1035.14,890.74,701.71,1259.09,1379.2,714.49,714.49,618.5,618.5,1035.14,77.34
hsa-miR-21,20525.19,99666.74,99666.74,20525.19,6526.88,14028.29,99666.74,20525.19,99666.74,3890.86,2918.23,4602.8,3629.26,2409.95,20525.19,4602.8,3629.26,3890.86
hsa-miR-210,30.72,103.88,40.49,94.27,23.8,26.9,6.28,26.32,110.44,9.46,20.15,11.43,23.08,35.52,13.84,8.24,17.13,9.68
hsa-miR-211,12.47,3.13,15.37,14.71,14.33,12.75,7.59,5.01,12.35,14.89,23.11,14.33,21.23,9.71,7.22,18.78,17.13,7.17
hsa-miR-2110,7.23,3.91,5.52,7.23,19.1,9.05,3.35,7.97,5.56,17.13,11.46,14.33,17.02,6.72,7.22,9.64,9.49,9.68
hsa-miR-2113,7.23,20.03,19.54,12.99,7.48,14.45,17.72,11.43,15.02,17.13,10.02,7.22,12.6,23.99,30.03,21.66,26.78,9.68
hsa-miR-2114,31.35,26.92,16.66,17.48,41.82,22.33,20.12,20.07,16.12,241.38,42.84,17.32,49.39,29.01,30.03,45.95,60.1,41.44
hsa-miR-2115,18.73,16.77,20.04,23.99,10.45,15.31,13.36,18.81,15.02,13.04,25.25,41.36,31.04,20.12,13.84,18.78,12.33,30.39
hsa-miR-2116,3.59,6.28,9.42,12.99,6.41,13.8,12.35,7.97,9.33,14.89,6.41,8.35,7.59,6.72,7.22,9.64,7.22,7.17
hsa-miR-2117,33.76,30.1,50.4,35.72,115.8,21.66,55.59,35.92,38.51,1379.2,113.99,100.08,101.55,100.81,20.44,113.99,37.28,701.71
hsa-miR-212,2.57,7.71,8.24,2.38,7.48,9.71,7.59,7.22,7.22,9.46,6.41,0,10.02,16.75,3.28,4.07,4.23,8.24
hsa-miR-214,139.54,139.54,137.68,135.16,164.49,209.81,94.27,243.81,130.93,7.22,164.49,173.5,132.71,29.01,272.86,256.88,184.16,35.97
hsa-miR-215,20.93,23.8,20.25,44.52,12.31,23.55,34.07,28.07,31.19,14.89,20.15,12.99,26.71,6.72,17.21,14.89,19.57,11.43
hsa-miR-216a,220.53,250.88,714.49,838.07,227.46,637.71,1684.83,346.95,173.5,701.71,8199.77,8199.77,4602.8,4108.47,151.01,3629.26,6526.88,2118.81
hsa-miR-217,15.9,37.05,83.68,104.43,15.87,86.52,205.94,35.92,23.19,19.69,2017.32,2780.47,2118.81,2249.61,13.84,1259.09,1459.74,431.79
hsa-miR-218,583.3,130.93,141.88,146.4,374.03,305.09,156.45,182.01,100.08,113.99,123.8,65.79,31.04,42.18,198.8,25.21,156.45,14.96
hsa-miR-219-1-3p,8.35,9.33,10.02,13.87,7.48,14.45,6.28,5.01,9.33,7.22,4.73,4.14,14.15,29.01,20.44,13.85,0,9.68
hsa-miR-219-2-3p,11.43,2.35,8.24,16.45,9.44,14.45,14.89,15.45,14.15,7.22,14.39,11.43,10.02,16.75,17.21,9.64,12.33,7.17
hsa-miR-219-5p,10.39,14.33,5.52,26.08,14.33,17.52,3.35,15.45,14.15,22.04,21.57,23.44,15.45,9.71,17.21,25.21,41.36,14.96
hsa-miR-22,1684.83,530.12,407.83,355.26,311.89,325.06,220.53,442.29,421.29,14.89,530.12,562.62,1559.29,488.76,731.98,890.74,456.57,130.04
hsa-miR-220a,51.49,25.25,45.49,56.29,31.98,50.75,89.45,34.54,28.73,26.27,688.92,996.67,507.21,618.5,20.44,300.58,235.45,30.39
hsa-miR-220b,18.73,11.97,11.27,19.57,13.2,20.6,26.9,11.43,14.15,11.27,21.57,17.32,23.08,16.75,26.71,16.24,34.07,9.68
hsa-miR-220c,13.33,20.03,20.04,17.48,20.33,13.8,12.35,15.45,9.92,26.27,17.76,30.15,35,23.99,17.21,25.21,28.81,47.91
hsa-miR-221,216.73,355.26,338.67,456.57,442.29,231.95,442.29,407.83,338.67,31.04,103.88,115.8,35,68.36,144.87,63.78,52.92,209.81
hsa-miR-222,266.94,442.29,173.5,374.03,688.92,243.81,256.88,220.53,325.06,19.69,79.31,60.1,186.31,220.53,305.09,104.43,101.55,104.43
hsa-miR-223,925.28,1379.2,3263.72,618.5,1559.29,688.92,1602.25,530.12,6526.88,241.38,169.51,146.4,137.68,156.45,996.67,31.5,123.8,351.11
hsa-miR-224,30.72,95.74,85.7,182.01,143.33,74.76,142.61,74.13,80.47,449.43,23.11,51.1,64.57,29.01,120.61,29.4,46.24,104.43
hsa-miR-2276,11.43,24.41,21.57,19.57,38.67,12.3,22.24,18.81,19.54,346.95,25.25,30.15,20,9.71,7.22,27.04,21.68,30.39
hsa-miR-2277,6.41,1.13,2.91,6.41,14.33,7.22,7.59,3.84,12.35,13.04,12.75,6.2,3.23,9.71,7.22,8.24,9.49,7.17
hsa-miR-2278,11.43,16.77,4.38,5.59,7.48,11.27,9.46,9.46,9.33,7.22,7.36,11.43,11.27,20.12,10.25,7.22,9.49,9.68
hsa-miR-23a,442.29,3263.72,2017.32,2249.61,2118.81,2249.61,2780.47,2017.32,2780.47,37.45,266.94,388.76,235.45,749.47,3263.72,156.45,951.56,1061.78
hsa-miR-23b,186.31,951.56,530.12,562.62,477.3,1035.14,637.71,779.79,779.79,26.27,546.42,530.12,442.29,1088.42,1559.29,925.28,1259.09,2249.61
hsa-miR-24,749.47,4108.47,2249.61,2605.3,1379.2,2918.23,1789.12,2780.47,4108.47,9.46,801.77,819.92,546.42,1305.14,2605.3,801.77,1379.2,1208.93
hsa-miR-25,374.03,296.08,363.31,442.29,925.28,311.89,779.79,250.88,407.83,7.22,311.89,477.3,300.58,583.3,414.56,125.29,355.26,26.68
hsa-miR-26a,5004.36,14028.29,14028.29,14028.29,5004.36,99666.74,5775.45,14028.29,14028.29,8199.77,6526.88,6526.88,5775.45,20525.19,14028.29,6526.88,14028.29,10069.97
hsa-miR-26b,280.42,838.07,562.62,637.71,188.81,951.56,398.3,688.92,801.77,113.99,951.56,819.92,488.76,664.82,562.62,546.42,421.29,62.82
hsa-miR-27a,122.3,1259.09,637.71,507.21,664.82,1088.42,216.73,1158.78,1305.14,7.22,42.84,36.88,20,198.8,779.79,20.2,135.16,17.22
hsa-miR-27b,272.86,1684.83,838.07,1684.83,546.42,1684.83,2017.32,801.77,996.67,0,0,0,0,2780.47,2017.32,0,1903.74,0
hsa-miR-28-3p,11.43,24.41,14.33,24.38,9.44,31.22,7.59,25.25,33.22,19.69,14.39,12.99,4.23,35.52,34.45,7.22,7.22,11.43
hsa-miR-28-5p,5.52,22.9,18.78,25.25,21.97,12.75,20.12,20.07,19.54,13.04,2.91,3.13,6.28,23.99,20.44,7.22,14.71,11.43
hsa-miR-296-3p,10.39,13.36,7.22,11.03,9.44,7.62,4.73,13.36,1.13,11.27,10.02,8.35,1.96,2.91,3.28,11.03,7.22,7.17
hsa-miR-296-5p,22.89,40.86,41.53,43.01,123.8,45.32,17.72,52.92,44.52,13.04,32.29,21.57,24.38,76.95,69.13,29.4,50.25,151.01
hsa-miR-297,4.02,1.13,7.22,6.41,9.44,7.62,7.59,5.01,4.73,26.27,1.66,7.22,6.28,12.97,3.28,4.07,4.23,9.68
hsa-miR-298,8.35,9.71,12.4,6.41,13.2,9.05,3.35,12.5,11.02,22.04,4.73,9.71,12.6,6.72,10.25,9.64,14.71,8.24
hsa-miR-299-3p,10.39,19.1,15.37,12.99,17.23,19.5,3.35,13.36,9.33,17.13,9.33,9.71,4.23,6.72,10.25,14.89,7.22,13.2
hsa-miR-299-5p,18.73,35.03,25.25,38.67,44.68,39.66,34.07,38.51,42.1,11.27,19.36,26.76,24.38,20.12,26.71,12.5,9.49,14.96
hsa-miR-29a,5775.45,4602.8,5775.45,3263.72,10069.97,4602.8,3890.86,3890.86,3629.26,13.04,2249.61,2409.95,2780.47,2068.06,3629.26,2780.47,2249.61,3629.26
hsa-miR-29b,1088.42,114.89,146.4,130.93,156.45,156.45,130.93,123.8,191.3,19.69,243.81,331.65,477.3,76.95,285.67,363.31,442.29,14.96
hsa-miR-29c,3629.26,749.47,996.67,1259.09,507.21,1158.78,2249.61,925.28,562.62,22.04,5004.36,3890.86,2918.23,1580.77,890.74,2605.3,2918.23,996.67
hsa-miR-300,15.9,21.69,14.33,21.59,28.07,16.74,22.24,18.81,17.37,47.59,15.87,17.32,18.28,20.12,10.25,23.53,21.68,26.68
hsa-miR-301a,41.82,97.13,129.16,104.43,66.22,97.13,151.01,130.93,113.99,4108.47,66.22,90.68,20,42.18,79.76,27.04,41.36,250.88
hsa-miR-301b,49.39,28.34,17.72,26.08,12.31,22.33,10.92,28.07,29.01,17.13,49.53,28.34,31.04,12.97,23.8,18.78,50.25,23.72
hsa-miR-302a,42.59,28.34,17.72,31.19,20.33,27.61,20.12,29.33,23.19,113.99,38.67,76.55,54.16,23.99,30.03,45.95,41.36,23.72
hsa-miR-302b,11.43,13.36,6.41,13.87,7.48,14.45,17.72,10.41,9.92,13.04,13.8,9.71,9.38,9.71,13.84,9.64,12.33,11.43
hsa-miR-302c,6.41,15.37,20.04,15.37,7.48,15.31,9.46,9.46,13.2,26.27,29.4,28.34,54.16,16.75,30.03,29.4,46.24,26.68
hsa-miR-302d,9.46,7.22,17.26,4.73,14.33,12.75,14.89,7.97,11.02,11.27,7.36,7.22,11.27,2.91,10.25,9.64,4.23,5.5
hsa-miR-302e,20.93,23.19,30.27,25.25,10.45,29.4,24.8,21.57,31.19,14.89,35.29,9.71,15.45,9.71,26.71,16.24,26.78,14.96
hsa-miR-302f,28.74,17.32,20.56,19.57,20.33,26.52,17.72,23,21.81,37.45,17.76,21.57,14.15,12.97,30.03,25.21,12.33,5.5
hsa-miR-30a,1559.29,311.89,688.92,714.49,618.5,421.29,3263.72,338.67,346.95,47.59,3263.72,2249.61,3890.86,1903.74,530.12,5004.36,2409.95,1846.43
hsa-miR-30b,637.71,2409.95,2918.23,5775.45,1158.78,5004.36,2118.81,4108.47,2605.3,19.69,2409.95,2918.23,2409.95,3890.86,1846.43,2249.61,3263.72,3263.72
hsa-miR-30c,52.68,280.42,272.86,272.86,280.42,456.57,182.01,331.65,272.86,19.69,328.35,276.64,285.67,1158.78,235.45,218.63,388.76,1208.93
hsa-miR-30d,296.08,125.29,202.07,209.81,305.09,272.86,205.94,143.33,156.45,47.59,618.5,546.42,838.07,554.52,161.42,562.62,363.31,637.71
hsa-miR-30e,546.42,198.8,250.88,280.42,91.82,238.96,276.64,216.73,216.73,17.13,1158.78,951.56,1061.78,280.42,331.65,1789.12,1088.42,47.91
hsa-miR-31,40.86,191.3,56.09,66.22,88.94,202.07,70.21,118.91,507.21,47.59,26.68,76.55,18.28,20.12,77.34,20.2,46.24,35.97
hsa-miR-32,20.09,42.18,55.09,50.11,13.2,46.24,55.59,43.55,68.36,13.04,30.45,16.24,15.45,9.71,52.92,14.89,91.4,5.5
hsa-miR-320a,198.8,53.81,57.42,46.24,83.68,52.68,29.01,48.57,47.47,22.04,46.24,73.53,161.42,42.18,63.3,49.53,37.28,77.34
hsa-miR-320b,47.71,22.9,26.38,20.93,14.33,31.09,7.59,20.07,22.32,11.27,15.87,25.23,4.23,12.97,23.8,9.64,12.33,13.2
hsa-miR-320c,0,0,0,0,0,0,0,0,0,0,0,0,0,2.91,3.28,0,0,0
hsa-miR-320d,13.33,11.97,11.27,7.23,10.45,12.3,9.46,9.46,12.35,13.04,9.33,8.35,7.59,12.97,10.25,4.07,12.33,7.17
hsa-miR-323-3p,2.57,13.36,13.27,7.23,23.8,13.8,9.46,18.81,13.2,9.46,10.02,9.71,24.38,6.72,7.22,11.03,9.49,9.68
hsa-miR-323-5p,18.73,16.77,11.27,15.37,20.33,20.06,24.8,7.97,16.12,17.13,23.11,17.32,26.71,6.72,17.21,21.66,14.71,41.44
hsa-miR-324-3p,63.78,29.4,30.88,31.19,66.22,31.5,44.14,35.92,25.25,13.04,28.02,28.34,31.04,16.75,20.44,52.92,21.68,26.68
hsa-miR-324-5p,44.37,56.29,77.76,60.62,83.68,78.87,31.15,82.08,72.99,14.89,29.4,18.74,14.15,29.01,73.83,20.2,56.09,14.96
hsa-miR-326,31.35,19.57,24.4,22,54.51,25.94,10.92,25.89,26.84,26.27,35.29,31.67,49.39,42.18,34.45,63.78,37.28,13.2
hsa-miR-328,110.44,44.14,49.39,41.82,38.67,47.71,41.63,51.1,39.85,113.99,38.3,48.57,45.66,88.14,63.3,70.21,34.07,104.43
hsa-miR-329,24.41,30.57,15.37,30.57,14.33,29.01,39.41,28.07,20.58,13.04,31.19,26.76,9.38,16.75,10.25,12.5,17.13,9.68
hsa-miR-330-3p,16.92,14.33,21.57,20.15,14.33,21.66,13.36,25.89,30.69,346.95,17.76,28.34,20,12.97,30.03,13.85,19.57,11.43
hsa-miR-330-5p,15.9,10.38,11.27,14.71,9.44,12.75,9.46,9.46,9.33,19.69,10.02,21.57,23.08,20.12,3.28,4.07,21.68,13.2
hsa-miR-331-3p,30.72,122.3,89.97,96.43,250.88,115.8,122.3,129.16,161.42,26.27,17.76,41.36,21.23,20.12,88.14,23.53,65.36,23.72
hsa-miR-331-5p,17.48,23.8,14.33,15.37,4.96,15.31,7.59,20.07,23.19,11.27,10.02,9.71,18.28,9.71,13.84,9.64,21.68,14.96
hsa-miR-335,91.82,262.62,191.3,325.06,188.81,256.88,355.26,262.62,92.23,300.58,328.35,368.67,54.16,113.99,188.81,49.53,280.42,23.72
hsa-miR-337-3p,37.56,89.97,63.3,75.66,66.22,79.76,44.14,88.94,95.74,26.27,25.25,17.32,24.38,23.99,79.76,23.53,30.72,23.72
hsa-miR-337-5p,36.62,52.28,47.59,42.39,20.33,52.28,20.12,56.49,54.51,7.22,23.11,30.15,31.04,35.52,47.91,20.2,28.81,23.72
hsa-miR-338-5p,9.46,6.28,3.72,9.42,9.44,9.05,12.35,5.01,12.35,3.13,3.59,8.35,9.38,6.72,17.21,8.24,12.33,8.24
hsa-miR-339-3p,20.93,27.47,28.73,22,21.97,29.99,13.36,33.76,27.59,31.04,15.87,11.43,21.23,12.97,23.8,14.89,12.33,17.22
hsa-miR-339-5p,20.93,15.37,15.37,15.37,7.48,23.55,17.72,12.5,19.54,14.89,21.57,14.33,23.08,16.75,13.84,11.03,14.71,14.96
hsa-miR-33a,15.18,16.77,26.87,21.59,134.49,28.73,22.24,21.97,16.12,9.46,10.02,14.33,14.15,9.71,34.45,11.03,14.71,9.68
hsa-miR-33b,20.09,13.36,15.37,20.93,19.1,12.75,7.59,15.45,9.33,47.59,19.36,28.34,20,9.71,7.22,16.24,12.33,14.96
hsa-miR-340,250.88,143.33,182.01,139.54,130.04,139.54,169.51,148.7,169.51,26.27,161.42,262.62,216.73,88.14,135.16,243.81,216.73,54.8
hsa-miR-342-3p,488.76,583.3,618.5,421.29,3263.72,583.3,714.49,749.47,311.89,167,140.71,161.42,80.47,130.04,456.57,80.47,82.98,318.48
hsa-miR-342-5p,22.89,18.26,22.2,16.45,23.8,24.41,26.9,10.41,17.37,13.04,28.02,34.45,20,35.52,23.8,23.53,34.07,11.43
hsa-miR-345,35.92,33.7,23.8,27.15,25.94,34.84,16.61,30.57,30.69,22.04,46.24,52.92,74.44,35.52,43.01,130.93,73.83,19.57
hsa-miR-346,25.86,21.69,29.4,21.59,25.94,16.74,39.41,25.89,24.38,300.58,26.68,34.45,20,23.99,38.67,34.63,24.35,13.2
hsa-miR-34a,285.67,546.42,546.42,407.83,164.49,488.76,290.88,664.82,618.5,11.27,250.88,456.57,113.99,113.99,664.82,156.45,890.74,26.68
hsa-miR-34b,23.55,35.03,38.45,26.74,36.88,30.39,39.41,31.24,37.75,2605.3,38.67,73.53,142.61,113.99,20.44,75.66,30.72,173.5
hsa-miR-34c-3p,16.92,24.41,20.25,21.59,20.33,23.99,16.61,14.45,25.94,62.2,29.4,16.24,24.38,16.75,30.03,20.2,19.57,30.39
hsa-miR-34c-5p,16.92,83.68,53.81,67.05,21.97,60.62,36.36,58.3,62.82,14.89,24.35,18.74,18.28,51.3,52.92,11.03,28.81,14.96
hsa-miR-361-3p,146.4,78.17,94.27,73.53,164.49,91.4,74.13,77.34,77.34,241.38,58.3,54.8,80.47,60.36,69.13,75.66,24.35,35.97
hsa-miR-361-5p,169.51,118.91,101.55,100.08,130.04,143.33,59.64,113.99,106.29,9.46,63.78,43.18,35,68.36,69.13,9.64,69.89,8.24
hsa-miR-362-3p,103.88,94.27,115.8,118.91,182.01,83.68,227.46,72.45,60.62,11.27,87.34,90.68,38.51,35.52,173.5,38.62,46.24,17.22
hsa-miR-362-5p,40.86,42.18,36.2,38.67,50.75,41.82,22.24,35.03,29.56,11.27,25.25,25.23,18.28,23.99,60.36,21.66,19.57,130.04
hsa-miR-363,35.03,39.41,39.75,49.53,50.75,45.66,74.13,47.71,42.1,938.42,33.52,48.57,26.71,12.97,30.03,31.5,14.71,17.22
hsa-miR-365,38.62,51.1,32.9,35.03,20.33,34.84,14.89,41.82,65.79,14.89,77.76,80.47,80.47,88.14,52.92,70.21,95,26.68
hsa-miR-367,38.62,14.33,13.27,22.92,14.33,10.41,24.8,5.01,16.92,22.04,51.3,28.34,31.04,12.97,34.45,52.92,65.36,13.2
hsa-miR-369-3p,56.29,60.62,52.92,60.1,62.82,50.11,47.71,61.58,52.92,31.04,53.16,48.57,70.21,35.52,34.45,70.21,65.36,14.96
hsa-miR-369-5p,15.9,14.33,12.4,12.99,20.33,20.6,20.12,17.34,23.8,26.27,17.04,16.24,14.15,16.75,38.67,49.53,12.33,19.57
hsa-miR-370,39.85,28.34,25.72,10,19.1,26.9,16.61,26.32,26.84,13.04,11.46,8.35,23.08,23.99,26.71,20.2,19.57,19.57
hsa-miR-371-3p,12.47,9.33,8.24,12.27,7.48,14.45,26.9,14.45,14.15,14.89,9.33,11.43,20,12.97,13.84,17.23,24.35,14.96
hsa-miR-371-5p,2.57,7.71,12.4,10,17.23,10.41,6.28,11.43,14.15,9.46,19.36,18.74,14.15,23.99,30.03,12.5,17.13,9.68
hsa-miR-372,14.33,15.37,23.8,20.93,30.39,16.74,16.61,16.77,16.92,26.27,15.87,12.99,23.08,29.01,10.25,17.23,14.71,19.57
hsa-miR-373,16.92,20.97,15.37,17.48,10.45,17.52,12.35,21.57,14.15,241.38,28.02,23.44,12.6,12.97,7.22,25.21,4.23,30.39
hsa-miR-374a,338.67,388.76,227.46,216.73,41.82,388.76,142.61,325.06,388.76,9.46,342.81,243.81,80.47,398.3,546.42,218.63,346.95,11.43
hsa-miR-374b,76.95,164.49,118.91,122.3,70.21,164.49,91.4,148.7,151.01,7.22,54.8,65.79,54.16,76.95,114.89,13.85,78.17,8.24
hsa-miR-375,2017.32,421.29,4108.47,1789.12,20.33,477.3,996.67,1684.83,238.96,62.2,3890.86,5004.36,5004.36,5004.36,173.5,8199.77,3890.86,8199.77
hsa-miR-376a,507.21,156.45,122.3,161.42,23.8,169.51,74.13,164.49,141.88,113.99,374.03,90.68,530.12,220.53,338.67,497.99,269.9,104.43
hsa-miR-376b,48.57,32.49,29.01,38.37,28.07,31.5,22.24,36.36,32.29,113.99,31.19,23.44,45.66,51.3,23.8,31.5,19.57,14.96
hsa-miR-376c,838.07,238.96,156.45,202.07,62.82,227.46,135.83,227.46,198.8,13.04,562.62,325.06,1061.78,398.3,688.92,996.67,688.92,47.91
hsa-miR-377,331.65,266.94,198.8,338.67,115.8,266.94,262.62,280.42,202.07,7.22,388.76,229.71,256.88,156.45,442.29,283.05,243.81,35.97
hsa-miR-378,53.16,34.16,41.53,40.86,74.13,28.73,24.8,30.92,31.19,19.69,23.11,14.33,60.1,88.14,20.44,38.62,19.57,77.34
hsa-miR-379,20.93,38.37,31.67,43.01,20.33,37,29.01,36.36,38.51,62.2,33.52,45.49,26.71,88.14,60.36,41.63,69.89,54.8
hsa-miR-380,12.47,16.77,11.27,9.42,14.33,7.62,9.46,12.5,11.02,13.04,12.75,4.14,20,9.71,23.8,17.23,19.57,9.68
hsa-miR-381,72.45,46.87,35.06,57.86,9.44,48.11,24.8,44.37,41.44,9.46,106.29,23.44,54.16,35.52,43.01,49.53,41.36,14.96
hsa-miR-382,28.74,26.71,22.2,33.52,9.44,25.45,9.46,30.03,20.58,9.46,14.39,6.2,12.6,12.97,34.45,11.03,9.49,7.17
hsa-miR-383,26.71,17.32,24.4,26.74,30.39,21.66,36.36,20.07,20.58,62.2,28.02,20.09,132.71,100.81,38.67,125.29,60.1,104.43
hsa-miR-384,21.66,19.57,8.24,18.31,20.33,23.99,14.89,21.57,15.02,26.27,17.76,31.67,38.51,12.97,10.25,18.78,7.22,9.68
hsa-miR-409-3p,20.93,11.27,10.02,20.15,17.23,10.41,14.89,11.43,11.02,14.89,9.33,9.71,15.45,20.12,23.8,14.89,12.33,17.22
hsa-miR-409-5p,27.15,34.45,33.63,30,30.39,33.76,17.72,38.51,36.2,31.04,36.88,38.57,20,60.36,38.67,57.42,19.57,54.8
hsa-miR-410,61.1,50.11,36.2,33.76,31.98,36.28,26.9,44.68,32.29,167,36.88,28.34,54.16,51.3,30.03,27.04,34.07,23.72
hsa-miR-412,10.39,20.41,20.56,13.87,17.23,7.62,14.89,17.34,12.35,81.18,20.15,18.74,28.81,23.99,7.22,20.2,19.57,19.57
hsa-miR-421,30.72,28.92,29.4,21.59,20.33,25.94,22.24,24.41,26.84,81.18,34.16,25.23,14.15,29.01,10.25,13.85,17.13,19.57
hsa-miR-422a,12.47,10.38,11.27,6.41,4.96,17.23,4.73,20.07,13.2,17.13,6.41,8.35,9.38,20.12,17.21,8.24,14.71,5.5
hsa-miR-423-3p,134.49,82.08,63.3,54.51,70.21,95.74,34.07,79.76,88.94,7.22,51.3,36.88,20,88.14,100.08,14.89,101.55,35.97
hsa-miR-423-5p,1903.74,477.3,442.29,256.88,1684.83,407.83,456.57,477.3,363.31,241.38,1305.14,890.74,925.28,488.76,325.06,664.82,305.09,1559.29
hsa-miR-424,91.82,16.77,28.73,30,28.07,32.69,20.12,28.07,37.75,47.59,49.53,69.89,54.16,20.12,47.91,86.52,52.92,11.43
hsa-miR-425,49.39,73.53,74.13,73.53,44.68,68.36,36.36,48.11,91.4,37.45,38.3,28.34,31.04,51.3,52.92,18.78,30.72,17.22
hsa-miR-429,78.17,40.08,103.88,169.51,10.45,92.23,86.52,55.09,85.7,13.04,198.8,167,137.68,259.75,43.01,218.63,256.88,13.2
hsa-miR-431,30.03,25.88,19.54,24.38,13.2,20.6,39.41,18.81,16.92,17.13,14.39,14.33,14.15,12.97,13.84,9.64,9.49,13.2
hsa-miR-432,25.86,15.37,30.88,22.92,17.23,17.23,16.61,24.41,23.19,47.59,20.15,12.99,14.15,12.97,10.25,13.85,26.78,13.2
hsa-miR-433,27.15,32.49,20.56,21.59,14.33,39.85,26.9,42.72,28.73,22.04,9.33,11.43,12.6,16.75,13.84,16.24,14.71,17.22
hsa-miR-448,11.43,6.28,16.66,12.27,15.87,9.05,20.12,15.45,12.35,37.45,15.87,17.32,21.23,23.99,10.25,12.5,17.13,26.68
hsa-miR-449a,23.55,15.37,17.26,20.15,14.33,17.23,26.9,29.33,19.54,17.13,20.15,23.44,35,20.12,52.92,23.53,9.49,30.39
hsa-miR-449b,7.23,9.33,11.27,8.25,3.72,12.3,12.35,13.36,9.92,7.22,11.46,8.35,14.15,9.71,13.84,12.5,9.49,14.96
hsa-miR-449c,2.57,3.91,0.53,2.38,3.72,2.57,9.46,3.84,2.57,5.52,3.59,3.13,7.59,6.72,7.22,5.52,12.33,9.68
hsa-miR-450a,50.25,47.91,46.24,61.58,38.67,50.75,95.74,56.09,72.99,5.52,17.04,28.34,14.15,16.75,104.98,14.89,17.13,19.57
hsa-miR-450b-3p,10.39,1.66,8.24,10,10.45,2.57,13.36,5.01,9.33,5.52,10.02,12.99,1.96,6.72,10.25,3.07,4.23,11.43
hsa-miR-450b-5p,22.89,28.92,27.31,20.93,38.67,29.99,34.07,21.97,37,81.18,21.57,25.23,70.21,23.99,20.44,36.88,17.13,238.96
hsa-miR-451,2605.3,5775.45,2780.47,2918.23,1305.14,1379.2,5004.36,1559.29,5775.45,13.04,2780.47,1903.74,1602.25,5775.45,6526.88,325.06,1305.14,4108.47
hsa-miR-452,76.95,50.11,47.59,68.36,34.45,38.3,55.59,42.18,46.87,388.76,47.91,38.57,26.71,88.14,77.34,41.63,34.07,35.97
hsa-miR-453,33.76,32.49,28.73,32.79,78.87,33.22,52.68,40.67,31.19,2409.95,42.84,51.1,88.94,76.95,34.45,52.92,41.36,54.8
hsa-miR-454,10.39,52.68,43.92,45.32,12.31,54.51,31.15,47.47,60.1,11.27,13.8,16.24,4.23,16.75,47.91,8.24,21.68,21.57
hsa-miR-455-3p,38.62,54.8,41.53,53.81,209.81,49.25,130.93,51.1,51.89,2780.47,83.33,129.16,191.3,220.53,83.33,346.95,112.22,1379.2
hsa-miR-455-5p,88.94,87.34,91.4,129.16,47.59,86.52,276.64,78.52,69.89,13.04,186.31,115.8,88.94,88.14,56.95,57.42,162.96,14.96
hsa-miR-483-3p,23.55,9.33,10.02,6.41,7.48,4.02,7.59,11.43,7.22,7.22,13.8,21.57,15.45,9.71,10.25,9.64,9.49,7.17
hsa-miR-483-5p,14.33,6.28,15.37,11.03,13.2,13.8,6.28,12.5,12.35,22.04,12.75,9.71,9.38,12.97,10.25,9.64,9.49,19.57
hsa-miR-484,231.95,114.89,125.29,78.17,285.67,134.49,81.18,135.83,125.29,14.89,71.49,45.49,31.04,23.99,79.76,29.4,65.36,26.68
hsa-miR-485-3p,0,0,0,0,0,0,0,0,0,0,0,0,0,2.91,3.28,13.12,43.18,0
hsa-miR-485-5p,12.47,10.38,6.41,15.37,14.33,17.52,24.8,14.45,9.33,14.89,11.46,18.74,15.45,35.52,13.84,17.23,21.68,23.72
hsa-miR-486-3p,9.46,14.33,16.66,14.71,6.41,20.6,17.72,14.45,24.38,37.45,11.46,14.33,12.6,20.12,20.44,9.64,12.33,17.22
hsa-miR-487a,50.25,39.41,30.27,36.11,28.07,37.94,17.72,37.11,25.94,19.69,20.15,23.44,10.02,9.71,26.71,11.03,17.13,62.82
hsa-miR-487b,39.85,74.76,44.37,52.92,23.8,62.82,16.61,89.97,56.29,26.27,38.67,20.09,17.02,20.12,110.44,8.24,73.83,21.57
hsa-miR-488,5.52,7.22,7.22,2.38,3.72,6.28,3.35,10.41,3.59,5.52,3.59,7.22,7.59,9.71,7.22,5.52,9.49,2.36
hsa-miR-489,4.02,3.91,3.72,2.38,1.66,6.28,17.72,5.01,6.41,9.46,4.73,4.14,6.28,9.71,7.22,12.5,4.23,8.24
hsa-miR-490-3p,48.11,63.78,60.62,48.91,36.88,82.98,24.8,101.55,80.47,9.46,26.68,14.33,14.15,12.97,47.91,12.5,9.49,11.43
hsa-miR-490-5p,51.49,36.02,33.63,31.19,13.2,41.44,39.41,54.16,37.11,11.27,56.49,69.89,64.57,20.12,23.8,94.27,78.17,19.57
hsa-miR-491-3p,13.33,13.36,7.22,8.25,12.31,18.71,9.46,16.77,16.12,11.27,15.87,12.99,12.6,12.97,10.25,1.48,9.49,17.22
hsa-miR-491-5p,17.48,12.6,13.27,12.99,4.96,12.3,6.28,17.34,12.35,5.52,4.73,14.33,14.15,20.12,10.25,6.41,12.33,9.68
hsa-miR-492,10.39,3.13,0.53,4.73,3.72,4.02,4.73,5.01,7.71,7.22,7.36,8.35,6.28,2.91,13.84,4.07,7.22,17.22
hsa-miR-493,46.87,72.45,46.87,37.56,44.68,32.69,50.4,28.07,33.22,26.27,355.26,45.49,101.55,250.88,38.67,31.5,50.25,35.97
hsa-miR-494,325.06,0,296.08,0,0,0,0,0,0,0,749.47,12.35,1903.74,169.51,266.94,2118.81,6.08,0
hsa-miR-495,125.29,100.08,100.08,110.44,262.62,113.99,112.22,107.59,76.55,81.18,100.08,56.95,70.21,88.14,104.98,89.97,52.92,62.82
hsa-miR-496,14.33,16.77,2.91,12.27,10.45,11.27,6.28,11.43,6.41,37.45,17.04,20.09,6.28,9.71,7.22,3.07,7.22,9.68
hsa-miR-497,890.74,714.49,388.76,346.95,456.57,562.62,186.31,562.62,209.81,26.27,477.3,338.67,381.4,398.3,838.07,583.3,407.83,431.79
hsa-miR-498,28.74,28.92,41.53,27.15,88.94,18.71,44.14,38.51,33.91,2249.61,49.53,65.79,93.25,68.36,34.45,144.87,52.92,779.79
hsa-miR-499-3p,5.52,3.91,6.41,0.78,10.45,6.28,3.35,3.84,3.59,5.52,6.41,7.22,7.59,6.72,3.28,7.22,0,3.8
hsa-miR-499-5p,30.72,31.19,34.45,28.76,34.45,40.49,17.72,30.57,30.05,62.2,29.4,26.76,17.02,16.75,20.44,7.22,19.57,17.22
hsa-miR-500蛆miR-501-5p,129.16,44.68,44.68,59.18,78.87,49.53,70.21,45.49,40.31,13.04,191.3,238.96,331.65,29.01,65.79,338.67,191.3,35.97
hsa-miR-501-3p,42.84,26.71,26.38,19.57,20.33,25.94,7.59,20.93,23.19,5.52,10.02,16.24,17.02,29.01,30.03,8.24,19.57,11.43
hsa-miR-503,33.06,17.32,38.67,27.15,23.8,22.33,14.89,24.41,35.97,37.45,11.46,25.23,35,51.3,30.03,31.5,21.68,11.43
hsa-miR-504,13.33,13.36,17.26,11.03,6.41,9.05,7.59,13.36,11.02,17.13,7.36,14.33,11.27,12.97,7.22,11.03,12.33,8.24
hsa-miR-505,12.47,17.32,21.57,22,31.98,24.41,20.12,18.81,15.02,13.04,10.02,11.43,10.02,16.75,20.44,4.07,9.49,13.2
hsa-miR-506,24.41,20.03,28.01,17.48,25.94,10.41,17.72,15.45,19.54,19.69,20.15,20.09,45.66,20.12,23.8,34.63,19.57,23.72
hsa-miR-507,0.78,3.13,1.66,2.38,3.72,1.57,6.28,3.84,3.59,0,6.41,4.14,7.59,9.71,7.22,0.28,9.49,2.36
hsa-miR-508-3p,6.41,6.28,8.24,6.41,4.96,6.28,6.28,3.84,9.33,7.22,9.33,14.33,10.02,12.97,3.28,20.2,7.22,7.17
hsa-miR-508-5p,15.9,18.26,14.33,17.04,12.31,13.8,26.9,3.17,11.02,13.04,14.39,20.09,17.02,16.75,10.25,12.5,37.28,11.43
hsa-miR-509-3-5p,6.41,3.91,6.41,5.59,6.41,9.05,6.28,5.01,6.41,3.8,9.33,8.35,6.28,2.91,13.84,5.52,4.23,5.5
hsa-miR-509-3p,70.53,65.36,42.59,57.86,58.74,110.44,36.36,95.74,101.55,26.27,69.89,41.36,14.15,16.75,73.83,36.88,28.81,11.43
hsa-miR-509-5p,16.92,10.38,12.4,11.03,17.23,25.23,10.92,20.07,11.02,9.46,14.39,16.24,15.45,6.72,10.25,21.66,21.68,23.72
hsa-miR-510,9.46,6.28,3.72,11.03,7.48,13.8,14.89,10.41,15.02,11.27,12.75,7.22,7.59,9.71,7.22,12.5,4.23,11.43
hsa-miR-511,14.33,6.28,10.02,6.41,6.41,11.27,10.92,10.41,4.73,17.13,6.41,6.2,6.28,6.72,13.84,13.85,12.33,13.2
hsa-miR-512-3p,7.23,9.33,9.42,15.37,7.48,9.71,9.46,3.84,7.22,9.46,7.36,3.13,10.02,6.72,10.25,14.89,12.33,5.5
hsa-miR-512-5p,18.73,22.9,12.4,22.92,12.31,16.74,16.61,14.45,16.12,47.59,23.11,18.74,14.15,23.99,23.8,12.5,17.13,23.72
hsa-miR-513a-3p,35.92,15.37,14.33,16.45,23.8,15.31,13.36,13.36,16.92,9.46,25.25,31.67,18.28,16.75,17.21,18.78,7.22,7.17
hsa-miR-513a-5p,17.48,10.38,14.33,17.04,17.23,7.22,17.72,14.45,12.35,17.13,20.15,21.57,14.15,9.71,13.84,16.24,17.13,19.57
hsa-miR-513b,9.46,15.37,13.27,12.99,7.48,11.27,1.66,17.34,13.2,7.22,4.73,7.22,18.28,2.91,10.25,9.64,21.68,7.17
hsa-miR-514,21.66,29.4,27.31,29.37,13.2,22.33,36.36,24.41,25.25,388.76,23.11,48.57,45.66,29.01,38.67,18.78,17.13,11.43
hsa-miR-515-3p,23.55,26.71,25.72,22.92,34.45,16.74,47.71,23.72,21.81,22.04,26.68,25.23,41.63,51.3,17.21,80.47,30.72,54.8
hsa-miR-515-5p,23.55,20.97,15.37,26.08,19.1,19.5,20.12,23,21.57,17.13,17.04,28.34,28.81,29.01,13.84,41.63,26.78,14.96
hsa-miR-516a-3p,30.03,20.97,24.4,18.31,23.8,20.6,17.72,23.72,19.54,81.18,34.54,26.76,28.81,16.75,13.84,49.53,21.68,26.68
hsa-miR-516a-5p,9.46,15.37,11.27,15.37,7.48,13.8,13.36,17.34,16.12,7.22,9.33,9.71,6.28,51.3,17.21,9.64,14.71,11.43
hsa-miR-516b,13.33,15.37,6.41,14.71,7.48,13.8,7.59,7.97,14.15,5.52,7.36,11.43,15.45,16.75,10.25,11.03,4.23,11.43
hsa-miR-517a,13.33,20.41,15.37,20.93,10.45,25.23,6.28,7.97,14.15,13.04,11.46,3.13,6.28,9.71,13.84,4.07,14.71,5.5
hsa-miR-517b,7.23,4.73,11.27,7.23,14.33,13.8,9.46,7.97,2.57,19.69,11.46,6.2,11.27,29.01,17.21,16.24,7.22,3.8
hsa-miR-517c蛆miR-519a,20.93,16.77,17.72,18.31,20.33,14.45,22.24,11.43,21.57,701.71,17.04,28.34,17.02,23.99,10.25,34.63,21.68,26.68
hsa-miR-518b,7.23,9.33,3.72,3.8,13.2,3.5,16.61,9.46,3.59,3.13,10.02,8.35,1.96,6.72,7.22,5.52,4.23,3.8
hsa-miR-518c,17.48,16.77,15.37,18.31,14.33,19.5,17.72,9.46,19.54,31.04,9.33,8.35,12.6,20.12,20.44,16.24,17.13,23.72
hsa-miR-518d-3p,28.01,20.97,22.2,26.74,6.41,20.6,31.15,24.41,25.94,113.99,51.3,21.57,45.66,2.91,13.84,20.2,19.57,21.57
hsa-miR-518e,56.29,25.88,18.78,30.57,19.1,21.66,20.12,24.41,14.15,9.46,62.82,62.2,80.47,16.75,7.22,80.47,101.55,26.68
hsa-miR-518f,28.01,26.71,31.67,24.38,38.67,29.99,36.36,26.92,25.25,1061.78,33.52,25.23,142.61,29.01,38.67,118.91,56.09,238.96
hsa-miR-519b-3p,21.66,17.32,22.2,15.37,20.33,20.6,24.8,23.72,28.73,300.58,28.02,25.23,20,20.12,10.25,41.63,14.71,17.22
hsa-miR-519c-3p,2.57,19.1,14.33,9.42,13.2,9.05,7.59,7.97,11.02,13.04,17.04,9.71,15.45,6.72,3.28,4.07,7.22,8.24
hsa-miR-519d,8.35,9.71,4.38,10,17.23,9.05,9.46,13.36,15.02,17.13,15.87,11.43,20,9.71,7.22,11.03,4.23,11.43
hsa-miR-519e,20.09,19.1,15.37,16.45,20.33,17.23,10.92,10.41,20.58,19.69,17.04,18.74,15.45,20.12,10.25,9.64,28.81,26.68
hsa-miR-520a-3p,8.35,26.71,11.27,16.45,15.87,13.8,14.89,17.34,11.02,9.46,10.02,8.35,24.38,6.72,13.84,7.22,9.49,21.57
hsa-miR-520a-5p,15.9,13.36,5.52,10,12.31,13.8,31.15,14.45,21.57,81.18,14.39,21.57,11.27,6.72,10.25,13.85,19.57,13.2
hsa-miR-520b,25.86,17.32,20.56,22,6.41,23.55,16.61,16.77,17.37,14.89,31.19,26.76,26.71,9.71,38.67,20.2,19.57,13.2
hsa-miR-520c-3p,43.55,12.6,42.18,16.45,12.31,17.23,13.36,17.34,18.31,31.04,36.88,25.23,28.81,51.3,20.44,8.24,19.57,11.43
hsa-miR-520d-3p,19.56,12.6,20.56,11.03,17.23,30.39,13.36,29.33,14.15,22.04,11.46,12.99,6.28,2.91,13.84,11.03,19.57,8.24
hsa-miR-520d-5p蛆miR-527 hsa-miR-518a-5p,41.82,41.44,40.86,33.52,23.8,39.17,17.72,41.82,43.55,3090.97,71.49,69.89,177.76,76.95,43.01,52.92,28.81,209.81
hsa-miR-520e,130.93,173.5,134.49,141.88,256.88,118.91,238.96,134.49,331.65,507.21,202.07,78.52,21.23,182.01,140.71,27.04,21.68,173.5
hsa-miR-520f,16.92,19.57,13.27,11.03,15.87,13.8,14.89,18.81,16.12,37.45,23.11,21.57,9.38,35.52,20.44,27.04,14.71,30.39
hsa-miR-520g,21.66,12.6,13.27,11.03,20.33,17.52,20.12,18.81,19.54,37.45,17.76,21.57,12.6,12.97,20.44,36.88,7.22,41.44
hsa-miR-521,11.43,7.22,5.52,4.73,4.96,9.05,9.46,14.45,7.22,17.13,3.59,6.2,12.6,9.71,10.25,4.07,9.49,14.96
hsa-miR-522,18.73,11.97,15.37,15.37,19.1,10.41,12.35,11.43,9.33,19.69,11.46,17.32,11.27,29.01,30.03,17.23,30.72,14.96
hsa-miR-523,28.74,30.1,35,23.99,102.71,20.06,72.45,33.22,29.01,1061.78,42.84,115.8,220.53,12.97,26.71,113.99,37.28,283.05
hsa-miR-524-3p,6.41,10.38,12.4,3.8,4.96,20.6,9.46,13.36,9.33,11.27,6.41,1.81,4.23,20.12,7.22,8.24,9.49,14.96
hsa-miR-525-3p,8.35,11.27,19.54,12.99,10.45,19.5,10.92,20.07,9.92,17.13,10.02,16.24,15.45,29.01,7.22,13.85,21.68,41.44
hsa-miR-525-5p,45.66,23.8,29.99,28.76,50.75,31.5,50.4,26.92,34.45,167,26.68,28.34,60.1,20.12,26.71,41.63,21.68,21.57
hsa-miR-526a蛆miR-518d-5p hsa-miR-520c-5p,33.06,41.44,34.45,39.66,41.82,42.18,89.45,34.54,37.75,779.79,74.44,146.4,101.55,29.01,52.92,137.68,41.36,546.42
hsa-miR-526b,17.48,17.32,26.38,15.37,25.94,20.06,24.8,14.45,12.35,26.27,21.57,23.44,18.28,16.75,20.44,21.66,12.33,130.04
hsa-miR-532-3p,20.09,45.66,34.66,43.92,58.74,59.18,14.89,38.51,34.84,3.8,17.76,17.32,6.28,29.01,96.43,13.85,21.68,3.8
hsa-miR-532-5p,69.89,66.22,61.58,46.87,21.97,89.97,34.07,58.3,47.71,3.8,26.68,30.15,20,35.52,69.13,12.5,60.1,21.57
hsa-miR-539,61.1,50.11,48.11,48.91,88.94,38.57,59.64,54.16,44.52,838.07,110.44,96.43,113.99,16.75,38.67,70.21,56.09,130.04
hsa-miR-541,4.02,3.91,7.22,2.38,9.44,9.71,14.89,6.4,7.22,19.69,4.73,14.33,7.59,6.72,10.25,12.5,12.33,23.72
hsa-miR-542-3p,46.87,40.67,40.49,41.36,58.74,37,44.14,39.66,50.4,938.42,45,45.49,41.63,88.14,47.91,21.66,26.78,26.68
hsa-miR-542-5p,16.92,23.8,26.38,27.15,34.45,25.45,17.72,26.92,29.56,37.45,15.87,16.24,21.23,20.12,23.8,16.24,12.33,19.57
hsa-miR-543,15.18,38.62,30.88,31.67,21.97,41.08,16.61,41.36,24.38,11.27,15.87,14.33,7.59,12.97,47.91,11.03,12.33,17.22
hsa-miR-544,0,0,0,0,0,0,0,0,0,0,0,0,0,2.91,3.28,0,0,0
hsa-miR-545,15.9,14.33,17.26,17.48,23.8,16.74,13.36,18.81,16.12,14.89,13.8,20.09,10.02,20.12,17.21,21.66,19.57,9.68
hsa-miR-548a-3p,26.71,23.8,23.8,26.74,30.39,20.06,31.15,20.07,30.05,346.95,29.4,36.88,54.16,12.97,47.91,63.78,30.72,30.39
hsa-miR-548a-5p,26.71,31.19,25.25,28.07,41.82,37.5,20.12,32.79,29.56,113.99,21.57,41.36,35,29.01,30.03,36.88,28.81,77.34
hsa-miR-548b-3p,17.48,17.32,24.4,19.57,25.94,12.75,52.68,25.25,13.2,47.59,23.11,16.24,31.04,23.99,7.22,34.63,17.13,431.79
hsa-miR-548b-5p,6.41,14.33,12.4,8.25,21.97,11.27,14.89,9.46,16.92,9.46,7.36,6.2,6.28,12.97,7.22,11.03,4.23,7.17
hsa-miR-548c-5p,13.33,7.71,14.33,7.23,14.33,4.02,12.35,3.17,7.71,9.46,10.02,6.2,3.23,20.12,17.21,11.03,12.33,21.57
hsa-miR-548d-3p,15.18,14.33,12.4,15.37,12.31,9.71,24.8,15.45,14.15,19.69,11.46,17.32,10.02,20.12,17.21,13.85,0,8.24
hsa-miR-548d-5p,14.33,10.38,9.42,10,21.97,6.28,16.61,7.97,9.33,14.89,13.8,20.09,11.27,23.99,10.25,17.23,19.57,26.68
hsa-miR-548e,11.43,10.38,14.33,12.27,3.72,6.28,13.36,11.43,11.02,13.04,14.39,14.33,7.59,12.97,7.22,12.5,4.23,11.43
hsa-miR-548f,12.47,15.37,21.57,10,36.88,12.3,50.4,13.36,23.8,31.04,14.39,23.44,38.51,42.18,23.8,31.5,19.57,47.91
hsa-miR-548g,26.71,15.37,20.04,17.04,19.1,13.8,16.61,23,19.54,37.45,30.45,25.23,21.23,29.01,20.44,21.66,17.13,35.97
hsa-miR-548h,25.86,18.26,16.66,24.38,17.23,9.71,17.72,11.43,19.54,31.04,15.87,20.09,20,42.18,20.44,29.4,19.57,8.24
hsa-miR-548i,39.85,31.5,43.01,34.66,14.33,26.76,39.41,35.03,35.29,3090.97,58.3,62.2,93.25,68.36,30.03,104.43,26.78,30.39
hsa-miR-548j,17.48,9.71,16.66,10,4.96,12.3,16.61,15.45,11.02,14.89,6.41,11.43,12.6,16.75,10.25,18.78,17.13,19.57
hsa-miR-548k,6.41,6.28,8.24,7.23,12.31,2.57,9.46,3.17,13.2,3.8,6.41,8.35,11.27,2.91,3.28,16.24,9.49,9.68
hsa-miR-548l,18.73,10.38,16.66,13.87,15.87,12.75,20.12,14.45,15.02,22.04,17.76,23.44,21.23,6.72,23.8,16.24,26.78,17.22
hsa-miR-548m,21.66,20.41,24.4,19.57,30.39,12.75,29.01,15.45,25.94,81.18,24.35,18.74,28.81,12.97,26.71,29.4,21.68,26.68
hsa-miR-548o,15.18,20.41,18.78,19.57,17.23,16.74,29.01,10.41,18.31,62.2,12.75,17.32,70.21,12.97,23.8,25.21,17.13,26.68
hsa-miR-548p,82.98,25.88,22.2,40.31,17.23,20.06,26.9,30.57,25.25,19.69,134.49,200.43,202.07,16.75,34.45,256.88,162.96,9.68
hsa-miR-548q,14.33,11.27,13.27,10,28.07,11.27,14.89,13.36,12.35,9.46,10.02,8.35,15.45,6.72,20.44,9.64,12.33,8.24
hsa-miR-549,11.43,7.22,11.27,12.27,10.45,7.62,6.28,14.45,7.71,17.13,14.39,6.2,11.27,23.99,3.28,13.85,14.71,9.68
hsa-miR-550,11.43,13.36,11.27,10,14.33,13.8,10.92,7.97,11.02,11.27,15.87,20.09,17.02,20.12,20.44,18.78,12.33,17.22
hsa-miR-551a,12.47,12.6,14.33,17.48,17.23,11.27,24.8,13.36,12.35,26.27,13.8,23.44,12.6,12.97,13.84,21.66,12.33,17.22
hsa-miR-551b,31.35,31.19,29.01,41.36,47.59,31.09,47.71,82.08,27.59,26.27,29.4,18.74,24.38,23.99,26.71,31.5,14.71,23.72
hsa-miR-553,12.47,13.36,10.02,12.99,12.31,14.45,20.12,9.46,6.41,19.69,14.39,9.71,14.15,2.91,17.21,8.24,9.49,11.43
hsa-miR-554,6.41,9.33,3.72,9.42,10.45,9.05,9.46,15.45,14.15,13.04,9.33,17.32,15.45,35.52,13.84,13.85,12.33,14.96
hsa-miR-555,14.33,11.27,21.57,19.1,19.1,6.28,26.9,17.34,11.02,62.2,12.75,16.24,15.45,9.71,23.8,14.89,34.07,17.22
hsa-miR-556-3p,6.41,4.73,8.24,10,2.38,3.5,1.66,12.5,4.73,11.27,4.73,14.33,7.59,12.97,20.44,6.41,14.71,3.13
hsa-miR-556-5p,18.73,23.8,19.54,10,47.59,10.41,13.36,17.34,23.8,31.04,28.02,20.09,24.38,29.01,13.84,29.4,34.07,30.39
hsa-miR-557,6.41,7.22,12.4,12.99,13.2,16.74,12.35,18.81,13.2,9.46,9.33,11.43,26.71,9.71,17.21,13.85,7.22,8.24
hsa-miR-558,16.92,16.77,7.22,14.71,17.23,15.31,4.73,11.43,20.12,9.46,20.15,12.99,9.38,20.12,26.71,18.78,12.33,7.17
hsa-miR-559,16.92,6.28,14.33,10,14.33,7.22,13.36,11.43,7.22,26.27,9.33,8.35,7.59,12.97,13.84,16.24,9.49,26.68
hsa-miR-561,20.09,30.88,28.73,24.38,15.87,27.61,20.12,26.32,33.22,2017.32,25.25,30.15,24.38,20.12,13.84,34.63,14.71,151.01
hsa-miR-562,6.41,20.97,20.25,17.48,15.87,20.06,14.89,13.36,16.92,167,20.15,21.57,12.6,16.75,13.84,9.64,9.49,9.68
hsa-miR-563,8.35,12.6,12.4,10,15.87,13.8,16.61,7.97,14.15,14.89,10.02,9.71,11.27,20.12,17.21,14.89,19.57,17.22
hsa-miR-564,7.23,7.71,7.22,8.25,7.48,7.62,20.12,9.46,13.2,9.46,4.73,9.71,7.59,6.72,7.22,12.5,12.33,11.43
hsa-miR-566,29.56,26.71,29.4,29.37,58.74,17.52,41.63,31.67,23.8,241.38,40.31,52.92,49.39,23.99,17.21,137.68,34.07,35.97
hsa-miR-567,9.46,7.71,10.02,12.27,9.44,10.41,14.89,6.4,7.22,13.04,4.73,9.71,3.23,12.97,17.21,7.22,12.33,5.5
hsa-miR-568,19.56,13.36,17.26,11.03,12.31,22.33,22.24,16.77,9.92,22.04,15.87,14.33,14.15,20.12,13.84,16.24,7.22,17.22
hsa-miR-569,26.71,23.8,35.72,21.59,12.31,24.35,17.72,20.93,21.81,167,123.8,34.45,23.08,12.97,26.71,31.5,9.49,130.04
hsa-miR-570,29.01,17.32,16.66,22.92,25.94,12.75,31.15,13.36,9.92,26.27,19.36,38.57,28.81,29.01,30.03,38.62,24.35,17.22
hsa-miR-571,15.18,15.37,14.33,13.87,19.1,13.8,17.72,12.5,11.02,13.04,6.41,12.99,20,16.75,43.01,18.78,12.33,19.57
hsa-miR-572,26.71,24.41,24.4,20.15,34.45,26.52,29.01,34.16,25.94,62.2,28.02,14.33,21.23,16.75,17.21,20.2,21.68,21.57
hsa-miR-573,31.35,11.97,17.72,10,14.33,17.52,7.59,17.34,12.35,31.04,25.25,38.57,20,12.97,7.22,18.78,14.71,14.96
hsa-miR-574-3p,30.03,216.73,92.23,101.55,296.08,220.53,83.68,173.5,243.81,14.89,20.15,45.49,21.23,35.52,209.81,23.53,78.17,91.82
hsa-miR-574-5p,104.98,56.29,49.39,55.09,143.33,51.49,104.98,51.1,67.05,62.2,74.44,83.68,80.47,198.8,92.23,36.88,37.28,17.22
hsa-miR-576-3p,21.66,29.78,26.38,20.93,34.45,28.73,44.14,26.92,26.84,346.95,30.45,51.1,20,23.99,23.8,27.04,12.33,77.34
hsa-miR-576-5p,16.92,12.6,7.22,9.42,25.94,17.23,10.92,7.97,17.37,19.69,9.33,6.2,14.15,2.91,13.84,17.23,26.78,17.22
hsa-miR-577,27.15,18.26,27.31,27.15,38.67,17.23,29.01,23.72,23.8,167,26.68,30.15,31.04,16.75,26.71,41.63,24.35,17.22
hsa-miR-578,33.76,7.71,18.78,16.45,21.97,7.62,17.72,17.34,9.33,26.27,35.29,43.18,41.63,6.72,23.8,34.63,30.72,3.13
hsa-miR-579,0,0,0,0,0,0,0,0,0,0,0,0,0,2.91,3.28,0,0,0
hsa-miR-580,20.93,23.19,20.56,27.15,50.75,22.33,22.24,25.89,27.59,167,34.54,30.15,23.08,16.75,26.71,25.21,26.78,91.82
hsa-miR-581,10.39,6.28,17.26,11.03,62.82,12.3,13.36,16.77,19.54,19.69,9.33,17.32,10.02,20.12,7.22,13.85,7.22,19.57
hsa-miR-582-3p,7.23,9.33,6.41,17.04,10.45,13.8,7.59,14.45,7.71,11.27,11.46,6.2,6.28,12.97,17.21,13.85,9.49,9.68
hsa-miR-582-5p,18.73,27.47,27.31,23.99,10.45,20.6,7.59,29.33,37.75,17.13,21.57,11.43,17.02,20.12,43.01,17.23,14.71,7.17
hsa-miR-583,4.02,14.33,9.42,10,12.31,17.52,10.92,7.97,11.02,3.8,9.33,12.99,12.6,9.71,7.22,13.85,7.22,9.68
hsa-miR-584,20.09,19.1,16.66,13.87,41.82,19.5,17.72,14.45,12.35,14.89,14.39,14.33,64.57,16.75,13.84,25.21,21.68,19.57
hsa-miR-586,6.41,9.33,3.72,10,12.31,9.05,12.35,10.41,11.02,11.27,12.75,8.35,10.02,9.71,13.84,18.78,4.23,14.96
hsa-miR-587,2.57,9.71,10.02,9.42,14.33,6.28,14.89,10.41,4.73,11.27,12.75,6.2,9.38,9.71,13.84,11.03,24.35,8.24
hsa-miR-588,17.48,7.71,15.37,9.42,15.87,16.74,17.72,9.46,12.35,9.46,15.87,20.09,15.45,42.18,17.21,8.24,26.78,11.43
hsa-miR-589,20.09,15.37,8.24,16.45,12.31,19.5,14.89,20.93,17.37,19.69,23.11,34.45,15.45,2.91,34.45,11.03,14.71,17.22
hsa-miR-590-3p,18.73,31.19,39.75,37.56,25.94,32.69,62.2,40.31,40.76,26.27,21.57,18.74,12.6,23.99,20.44,21.66,9.49,35.97
hsa-miR-590-5p,0,0,0,0,0,0,0,0,0,0,0,0,0,2.91,3.28,0,0,0
hsa-miR-591,16.92,19.57,23.8,23.56,23.8,17.52,26.9,20.93,23.19,81.18,19.36,18.74,17.02,51.3,10.25,21.66,17.13,26.68
hsa-miR-592,16.92,40.08,30.88,35.03,38.67,37,9.46,20.07,48.34,17.13,21.57,11.43,18.28,220.53,38.67,12.5,37.28,130.04
hsa-miR-593,5.52,7.71,18.78,7.23,9.44,15.31,10.92,11.43,4.73,14.89,4.73,11.43,11.27,23.99,17.21,6.41,7.22,7.17
hsa-miR-595,20.09,26.92,23.11,19.1,25.94,27.61,29.01,26.92,25.94,113.99,20.15,26.76,24.38,23.99,20.44,38.62,14.71,30.39
hsa-miR-596,13.33,13.36,18.78,14.71,54.51,13.8,12.35,13.36,15.02,19.69,6.41,7.22,9.38,23.99,17.21,16.24,12.33,19.57
hsa-miR-597,23.55,11.27,12.4,14.71,14.33,17.23,6.28,12.5,7.71,13.04,14.39,8.35,7.59,6.72,7.22,11.03,7.22,30.39
hsa-miR-598,37.56,24.41,26.87,29.37,21.97,22.33,36.36,31.24,18.31,9.46,29.4,23.44,38.51,35.52,7.22,13.85,9.49,17.22
hsa-miR-599,18.73,14.33,15.37,20.15,20.33,15.31,13.36,7.97,13.2,26.27,20.15,34.45,45.66,29.01,3.28,29.4,14.71,30.39
hsa-miR-600,41.82,53.16,58.74,50.4,36.88,44.68,55.59,62.82,59.18,6526.88,146.4,209.81,161.42,113.99,34.45,104.43,37.28,262.62
hsa-miR-601,16.92,21.69,16.66,19.57,20.33,16.74,22.24,21.97,20.58,167,24.35,14.33,18.28,51.3,13.84,16.24,17.13,5.5
hsa-miR-602,9.46,25.88,22.2,27.15,9.44,23.55,16.61,23,28.73,3.13,4.73,16.24,7.59,9.71,30.03,3.07,12.33,17.22
hsa-miR-603,20.09,17.32,24.4,17.04,30.39,9.05,29.01,24.41,17.37,47.59,24.35,31.67,38.51,68.36,34.45,36.88,37.28,151.01
hsa-miR-604,7.23,12.6,6.41,12.99,12.31,4.96,9.46,7.22,4.73,14.89,11.46,16.24,3.23,12.97,3.28,5.52,14.71,7.17
hsa-miR-605,13.33,12.6,9.42,7.23,12.31,10.41,9.46,7.22,7.71,37.45,12.75,20.09,15.45,16.75,17.21,6.41,14.71,11.43
hsa-miR-606,3.59,4.73,8.24,7.23,12.31,4.96,4.73,6.4,7.22,0,10.02,6.2,4.23,20.12,7.22,12.5,4.23,2.36
hsa-miR-607,22.89,13.36,17.26,17.48,17.23,6.28,20.12,18.81,14.15,62.2,30.45,34.45,23.08,16.75,26.71,27.04,30.72,47.91
hsa-miR-608,9.46,9.33,11.27,12.99,14.33,9.71,12.35,6.4,9.92,19.69,17.04,12.99,35,12.97,13.84,13.85,12.33,30.39
hsa-miR-609,11.43,14.33,17.26,9.42,12.31,15.31,24.8,17.34,16.12,47.59,20.15,16.24,35,35.52,13.84,20.2,4.23,14.96
hsa-miR-610,9.46,11.27,16.66,11.03,25.94,16.74,29.01,9.46,13.2,81.18,9.33,12.99,24.38,9.71,17.21,21.66,14.71,17.22
hsa-miR-611,14.33,9.71,12.4,13.87,15.87,9.05,16.61,16.77,16.92,62.2,15.87,11.43,7.59,6.72,20.44,29.4,9.49,14.96
hsa-miR-612,13.33,11.97,26.38,9.42,9.44,12.3,10.92,12.5,15.02,13.04,7.36,14.33,17.02,12.97,26.71,16.24,12.33,7.17
hsa-miR-613,24.41,16.77,18.78,13.87,34.45,21.57,34.07,23,17.37,31.04,23.11,16.24,54.16,29.01,17.21,23.53,19.57,47.91
hsa-miR-614,11.43,20.41,20.04,23.99,17.23,18.71,22.24,23.72,21.81,7.22,29.4,30.15,31.04,9.71,23.8,31.5,17.13,41.44
hsa-miR-615-3p,17.48,11.97,4.38,10,17.23,13.8,14.89,13.36,17.37,19.69,10.02,7.22,10.02,6.72,10.25,11.03,4.23,11.43
hsa-miR-615-5p,10.39,6.28,13.27,8.25,21.97,6.28,17.72,9.46,9.33,22.04,17.04,12.99,23.08,60.36,7.22,38.62,30.72,209.81
hsa-miR-616,19.56,13.36,9.42,19.57,20.33,17.23,34.07,12.5,15.02,22.04,26.68,17.32,28.81,20.12,17.21,27.04,14.71,21.57
hsa-miR-617,15.18,19.1,12.4,12.99,19.1,10.41,13.36,11.43,21.81,37.45,14.39,12.99,15.45,42.18,10.25,9.64,12.33,30.39
hsa-miR-619,10.39,16.77,11.27,5.59,12.31,9.71,12.35,12.5,7.71,5.52,10.02,12.99,20,12.97,10.25,13.85,7.22,23.72
hsa-miR-620,20.09,20.41,23.11,14.71,17.23,22.33,22.24,16.77,17.37,31.04,11.46,21.57,15.45,16.75,20.44,25.21,24.35,30.39
hsa-miR-622,11.43,11.97,9.42,9.42,14.33,10.41,6.28,9.46,9.33,19.69,11.46,30.15,17.02,12.97,13.84,11.03,12.33,5.5
hsa-miR-623,14.33,23.8,19.54,20.15,10.45,17.23,17.72,26.92,17.37,26.27,15.87,9.71,9.38,42.18,23.8,18.78,9.49,14.96
hsa-miR-624,4.02,4.73,14.33,9.42,3.72,10.41,13.36,7.22,5.56,31.04,11.46,9.71,17.02,9.71,13.84,12.5,9.49,9.68
hsa-miR-625,15.18,6.28,14.33,12.99,14.33,16.74,9.46,13.36,17.37,11.27,17.04,11.43,10.02,12.97,3.28,9.64,19.57,17.22
hsa-miR-626,8.35,37.56,30.88,28.07,14.33,48.57,29.01,39.66,42.59,26.27,17.04,11.43,20,16.75,34.45,52.92,30.72,30.39
hsa-miR-627,57.86,28.92,31.24,35.72,23.8,30.39,34.07,23.72,21.81,37.45,79.31,54.8,169.51,16.75,23.8,137.68,101.55,21.57
hsa-miR-628-5p,10.39,12.6,9.42,13.87,10.45,24.35,16.61,14.45,9.92,26.27,11.46,11.43,10.02,9.71,10.25,17.23,9.49,14.96
hsa-miR-629,31.35,20.41,34.66,19.57,10.45,18.71,13.36,12.5,14.15,17.13,19.36,16.24,26.71,12.97,7.22,11.03,17.13,14.96
hsa-miR-630,305.09,346.95,346.95,70.53,23.8,74.13,17.72,46.55,45.95,562.62,3629.26,1305.14,3263.72,2605.3,359.29,2918.23,139.54,14028.29
hsa-miR-631,21.66,12.6,9.42,9.42,6.41,14.45,13.36,15.45,9.33,19.69,12.75,6.2,18.28,6.72,17.21,11.03,17.13,21.57
hsa-miR-632,13.33,11.97,17.72,23.56,19.1,20.06,20.12,12.5,19.54,9.46,30.45,16.24,28.81,12.97,20.44,25.21,19.57,19.57
hsa-miR-633,13.33,37.05,19.54,22,12.31,19.5,26.9,14.45,48.34,13.04,17.04,11.43,21.23,35.52,17.21,13.85,24.35,26.68
hsa-miR-634,24.41,15.37,11.27,19.57,28.07,9.05,22.24,12.5,20.58,31.04,32.29,26.76,24.38,35.52,13.84,25.21,9.49,41.44
hsa-miR-635,24.41,25.88,36.2,18.31,38.67,16.74,29.01,21.97,29.01,62.2,60.62,30.15,74.44,51.3,73.83,137.68,34.07,890.74
hsa-miR-636,11.43,6.28,9.42,13.87,15.87,16.74,7.59,20.93,20.12,9.46,14.39,16.24,14.15,9.71,13.84,20.2,17.13,41.44
hsa-miR-637,12.47,9.71,14.33,11.03,10.45,10.41,16.61,14.45,7.71,14.89,10.02,8.35,11.27,16.75,7.22,8.24,14.71,9.68
hsa-miR-638,24.41,20.03,11.27,17.04,30.39,15.31,20.12,17.34,13.2,14.89,21.57,36.88,11.27,6.72,17.21,20.2,9.49,23.72
hsa-miR-639,68.36,21.69,20.25,30.88,41.82,20.6,36.36,24.41,22.32,22.04,106.29,129.16,88.94,20.12,26.71,169.51,112.22,54.8
hsa-miR-640,45,28.34,28.73,20.93,25.94,22.33,36.36,20.07,31.19,507.21,47.91,60.1,35,29.01,10.25,29.4,14.71,130.04
hsa-miR-641,19.56,19.1,17.26,19.1,15.87,10.41,16.61,18.81,9.92,37.45,17.76,12.99,18.28,12.97,20.44,31.5,4.23,19.57
hsa-miR-642,38.62,26.92,33.63,26.08,17.23,25.94,22.24,17.34,27.59,31.04,21.57,14.33,23.08,23.99,10.25,29.4,9.49,30.39
hsa-miR-643,7.23,9.33,8.24,11.03,9.44,12.75,14.89,7.97,9.33,19.69,9.33,9.71,12.6,12.97,7.22,27.04,19.57,13.2
hsa-miR-644,12.47,6.28,7.22,11.03,13.2,9.71,9.46,12.5,2.57,7.22,11.46,6.2,6.28,12.97,13.84,8.24,9.49,3.13
hsa-miR-645,8.35,10.38,12.4,16.45,17.23,12.3,7.59,9.46,12.35,5.52,12.75,11.43,21.23,9.71,26.71,9.64,19.57,9.68
hsa-miR-646,10.39,9.71,13.27,6.41,14.33,17.52,7.59,15.45,12.35,17.13,7.36,6.2,11.27,12.97,10.25,4.07,7.22,13.2
hsa-miR-647,14.33,20.97,11.27,8.25,23.8,7.22,13.36,6.4,11.02,9.46,11.46,8.35,21.23,12.97,10.25,13.85,9.49,13.2
hsa-miR-648,7.23,10.38,13.27,7.23,7.48,4.96,16.61,14.45,9.92,3.8,10.02,7.22,9.38,12.97,7.22,3.07,7.22,21.57
hsa-miR-649,12.47,11.97,11.27,18.31,17.23,10.41,12.35,11.43,19.54,9.46,20.15,16.24,24.38,23.99,20.44,45.95,26.78,13.2
hsa-miR-650,17.48,22.9,20.56,17.04,25.94,15.31,29.01,7.97,16.12,17.13,20.15,20.09,15.45,23.99,13.84,16.24,24.35,41.44
hsa-miR-651,30.03,38.37,38.45,31.19,44.68,27.61,67.05,31.67,30.05,2017.32,42.84,56.95,80.47,16.75,30.03,45.95,37.28,209.81
hsa-miR-652,11.43,18.26,6.41,15.37,14.33,11.27,7.59,13.36,11.02,17.13,9.33,12.99,10.02,16.75,17.21,9.64,9.49,21.57
hsa-miR-653,17.48,13.36,18.78,17.04,12.31,7.62,20.12,11.43,7.71,19.69,17.76,11.43,14.15,23.99,20.44,29.4,9.49,47.91
hsa-miR-654-3p,16.92,26.92,24.4,27.61,31.98,24.35,52.68,29.33,19.54,449.43,23.11,21.57,17.02,42.18,7.22,27.04,14.71,23.72
hsa-miR-654-5p,20.09,20.41,10.02,22.92,28.07,18.71,13.36,20.07,9.92,19.69,17.04,18.74,26.71,35.52,17.21,17.23,14.71,14.96
hsa-miR-655,34.45,37.56,37.56,34.66,139.54,35.97,101.55,36.36,45.95,2017.32,41.44,129.16,318.48,139.54,65.79,331.65,95,1459.74
hsa-miR-656,54.51,37.56,28.73,40.31,36.88,34.07,59.64,31.67,39.66,81.18,53.16,140.71,125.29,42.18,47.91,94.27,129.16,77.34
hsa-miR-657,5.52,11.97,9.42,17.04,10.45,9.71,7.59,16.77,14.15,22.04,10.02,20.09,11.27,16.75,13.84,17.23,19.57,14.96
hsa-miR-658,20.93,17.32,17.26,14.71,9.44,11.27,16.61,14.45,15.02,31.04,21.57,20.09,7.59,12.97,13.84,14.89,12.33,13.2
hsa-miR-659,22.89,12.6,7.22,11.03,17.23,9.05,16.61,11.43,19.54,31.04,12.75,8.35,17.02,12.97,10.25,20.2,17.13,9.68
hsa-miR-660,34.45,91.4,82.98,87.34,70.21,103.88,107.59,78.52,74.76,17.13,36.88,41.36,49.39,51.3,92.23,57.42,34.07,77.34
hsa-miR-661,18.73,25.88,25.72,29.37,9.44,30.8,13.36,24.41,22.32,13.04,11.46,21.57,15.45,6.72,20.44,14.89,12.33,13.2
hsa-miR-662,5.52,9.71,13.27,4.73,6.41,9.05,12.35,7.22,9.92,14.89,4.73,6.2,4.23,9.71,3.28,8.24,4.23,5.5
hsa-miR-663,21.66,24.41,26.87,20.93,17.23,11.27,7.59,7.22,14.15,13.04,17.04,16.24,12.6,23.99,7.22,12.5,9.49,21.57
hsa-miR-663b,38.3,41.44,28.01,30,23.8,29.4,64.57,26.92,36.62,37.45,32.29,23.44,31.04,20.12,7.22,25.21,21.68,14.96
hsa-miR-664,141.88,101.55,95.74,125.29,241.38,100.08,146.4,92.23,106.29,5004.36,272.86,311.89,280.42,182.01,130.04,218.63,118.91,283.05
hsa-miR-665,8.35,10.38,7.22,12.99,10.45,14.45,9.46,12.5,4.73,5.52,10.02,6.2,7.59,20.12,20.44,9.64,14.71,17.22
hsa-miR-668,10.39,9.33,10.02,9.42,13.2,7.62,14.89,9.46,6.41,7.22,17.04,18.74,17.02,16.75,20.44,21.66,17.13,5.5
hsa-miR-670,9.46,11.97,19.54,12.99,14.33,10.41,10.92,5.01,16.12,19.69,15.87,18.74,17.02,76.95,10.25,20.2,17.13,35.97
hsa-miR-671-3p,6.41,10.38,14.33,11.03,9.44,12.3,12.35,14.45,9.92,26.27,21.57,17.32,12.6,16.75,3.28,11.03,4.23,9.68
hsa-miR-671-5p,8.35,3.13,4.38,9.42,9.44,4.96,4.73,9.46,11.02,11.27,6.41,1.81,7.59,16.75,13.84,5.52,17.13,13.2
hsa-miR-675,13.33,15.37,16.66,12.99,13.2,16.74,16.61,26.92,13.2,113.99,17.76,18.74,10.02,23.99,26.71,12.5,14.71,14.96
hsa-miR-7,67.05,20.41,130.93,63.3,12.31,20.6,67.05,68.36,20.58,19.69,15.87,16.24,10.02,42.18,17.21,27.04,28.81,21.57
hsa-miR-708,173.5,129.16,104.98,88.94,272.86,70.53,112.22,104.98,134.49,5775.45,227.46,229.71,407.83,335.16,144.87,311.89,87.34,951.56
hsa-miR-711,3.59,6.28,4.38,3.8,9.44,2.57,6.28,5.01,1.81,14.89,9.33,11.43,6.28,12.97,20.44,11.03,4.23,8.24
hsa-miR-718,15.18,15.37,14.33,17.04,15.87,9.71,17.72,17.34,13.2,241.38,17.04,18.74,21.23,29.01,10.25,20.2,26.78,47.91
hsa-miR-720,99666.74,20525.19,20525.19,99666.74,20525.19,20525.19,20525.19,99666.74,20525.19,1259.09,99666.74,99666.74,99666.74,99666.74,99666.74,99666.74,99666.74,99666.74
hsa-miR-744,118.91,74.13,65.36,82.98,110.44,55.09,24.8,85.7,83.33,99666.74,296.08,407.83,342.81,266.94,83.33,530.12,235.45,209.81
hsa-miR-758,20.93,28.34,21.57,19.1,23.8,34.45,29.01,37.75,38.92,26.27,26.68,14.33,26.71,6.72,26.71,36.88,24.35,14.96
hsa-miR-759,14.33,17.32,12.4,12.27,28.07,17.23,16.61,9.46,9.33,22.04,19.36,31.67,41.63,16.75,23.8,31.5,17.13,26.68
hsa-miR-760,13.33,13.36,17.26,19.57,28.07,16.74,24.8,12.5,16.12,37.45,17.76,21.57,12.6,23.99,20.44,11.03,14.71,17.22
hsa-miR-761,11.43,15.37,6.41,3.8,9.44,18.71,9.46,9.46,14.15,7.22,12.75,7.22,4.23,20.12,10.25,12.5,17.13,11.43
hsa-miR-762,8.35,11.97,15.37,13.87,9.44,20.6,10.92,9.46,5.56,17.13,7.36,7.22,14.15,2.91,13.84,7.22,19.57,19.57
hsa-miR-764,20.93,23.8,17.72,17.04,21.97,11.27,24.8,23,21.57,14.89,17.76,25.23,23.08,29.01,20.44,38.62,24.35,41.44
hsa-miR-765,5.52,11.27,5.52,8.25,9.44,12.75,7.59,12.5,7.71,9.46,7.36,14.33,7.59,20.12,7.22,14.89,14.71,19.57
hsa-miR-766,15.18,27.47,25.72,19.57,23.8,27.61,22.24,30.92,23.19,26.27,28.02,30.15,15.45,12.97,13.84,29.4,21.68,21.57
hsa-miR-767-3p,14.33,14.33,16.66,12.99,20.33,13.8,34.07,12.5,9.92,167,12.75,18.74,21.23,12.97,7.22,25.21,12.33,21.57
hsa-miR-767-5p,14.33,18.26,11.27,16.45,15.87,23.99,9.46,13.36,18.31,81.18,17.76,26.76,41.63,23.99,17.21,57.42,21.68,17.22
hsa-miR-769-3p,7.23,10.38,10.02,16.45,6.41,9.05,16.61,17.34,9.33,22.04,10.02,9.71,14.15,9.71,10.25,17.23,7.22,11.43
hsa-miR-769-5p,19.56,19.1,14.33,17.04,25.94,15.31,17.72,15.45,16.12,17.13,11.46,14.33,18.28,6.72,23.8,25.21,17.13,26.68
hsa-miR-770-5p,89.97,30.88,29.99,37.11,19.1,26.52,31.15,33.58,27.59,47.59,216.73,266.94,300.58,20.12,30.03,355.26,184.16,77.34
hsa-miR-802,12.47,17.32,10.02,16.45,12.31,12.75,7.59,7.97,23.19,19.69,24.35,23.44,24.38,6.72,7.22,21.66,28.81,11.43
hsa-miR-873,22.89,20.97,28.01,24.38,50.75,22.33,24.8,25.89,29.01,31.04,14.39,8.35,12.6,16.75,10.25,13.85,12.33,11.43
hsa-miR-874,95.74,33.37,25.25,25.25,20.33,25.23,26.9,18.81,32.29,167,23.11,25.23,17.02,16.75,17.21,27.04,14.71,13.2
hsa-miR-875-3p,8.35,9.33,6.41,8.25,6.41,16.74,4.73,6.4,5.56,19.69,1.66,11.43,11.27,9.71,10.25,12.5,12.33,17.22
hsa-miR-875-5p,14.33,16.77,14.33,18.31,9.44,22.33,14.89,18.81,19.54,9.46,10.02,9.71,6.28,20.12,3.28,3.07,14.71,9.68
hsa-miR-876-3p,20.09,4.73,8.24,15.37,13.2,11.27,20.12,13.36,13.2,13.04,15.87,16.24,7.59,29.01,10.25,16.24,28.81,11.43
hsa-miR-876-5p,10.39,11.97,17.26,10,9.44,3.5,10.92,7.22,11.02,26.27,10.02,23.44,10.02,6.72,7.22,12.5,9.49,14.96
hsa-miR-877,10.39,9.33,2.91,6.41,1.66,3.5,7.59,11.43,6.41,7.22,6.41,4.14,4.23,12.97,3.28,4.07,7.22,5.5
hsa-miR-885-3p,7.23,6.28,7.22,3.8,3.72,4.02,7.59,10.41,7.71,7.22,11.46,6.2,6.28,16.75,10.25,7.22,14.71,5.5
hsa-miR-885-5p,45,46.24,51.49,44.52,17.23,37.5,31.15,39.66,49.39,3629.26,94.27,115.8,101.55,35.52,34.45,98.6,37.28,381.4
hsa-miR-886-3p,28.01,15.37,17.72,14.71,15.87,15.31,9.46,21.97,18.31,22.04,19.36,9.71,14.15,29.01,13.84,11.03,9.49,13.2
hsa-miR-886-5p,9.46,14.33,14.33,16.45,19.1,17.52,7.59,21.97,22.32,62.2,23.11,18.74,18.28,12.97,17.21,14.89,21.68,17.22
hsa-miR-887,18.73,17.32,11.27,12.99,47.59,15.31,22.24,20.07,17.37,47.59,26.68,28.34,15.45,6.72,20.44,21.66,19.57,19.57
hsa-miR-888,9.46,6.28,8.24,10,20.33,12.3,12.35,3.84,9.33,26.27,4.73,6.2,7.59,12.97,10.25,4.07,21.68,23.72
hsa-miR-889,20.09,17.32,26.38,25.25,10.45,24.35,24.8,28.07,16.92,167,15.87,16.24,17.02,6.72,17.21,12.5,14.71,11.43
hsa-miR-890,25.25,20.41,23.11,17.04,14.33,36.28,9.46,20.93,33.63,11.27,26.68,30.15,23.08,23.99,20.44,18.78,21.68,30.39
hsa-miR-891a,22.89,34.45,31.67,36.36,21.97,24.41,20.12,34.54,34.45,14.89,10.02,11.43,18.28,6.72,23.8,13.85,7.22,77.34
hsa-miR-891b,100.08,34.45,23.11,38.67,28.07,31.5,22.24,37.11,27.59,47.59,209.81,250.88,421.29,23.99,17.21,407.83,220.53,35.97
hsa-miR-892a,14.33,11.27,14.33,11.03,12.31,10.41,22.24,11.43,4.73,22.04,17.76,16.24,12.6,29.01,20.44,14.89,17.13,47.91
hsa-miR-892b,11.43,19.57,21.57,16.45,13.2,16.74,13.36,15.45,19.54,26.27,1.66,9.71,14.15,9.71,7.22,7.22,0,8.24
hsa-miR-9,10.39,36.36,25.72,33.52,14.33,42.72,34.07,46.55,24.38,26.27,12.75,25.23,17.02,2.91,60.36,31.5,19.57,19.57
hsa-miR-921,2.57,11.27,13.27,6.41,7.48,9.71,7.59,12.5,12.35,5.52,12.75,9.71,11.27,12.97,7.22,13.85,4.23,17.22
hsa-miR-922,8.35,16.77,11.27,11.03,25.94,12.75,29.01,15.45,7.22,31.04,24.35,12.99,28.81,2.91,13.84,23.53,4.23,35.97
hsa-miR-924,18.73,11.27,8.24,12.99,34.45,14.45,17.72,20.07,22.32,9.46,14.39,17.32,24.38,12.97,3.28,18.78,12.33,30.39
hsa-miR-92a,618.5,779.79,890.74,890.74,1259.09,714.49,1459.74,714.49,664.82,17.13,407.83,925.28,749.47,838.07,801.77,664.82,838.07,1602.25
hsa-miR-92b,79.76,77.34,76.55,78.87,173.5,106.29,101.55,100.08,87.34,22.04,77.76,80.47,49.39,68.36,60.36,36.88,82.98,30.39
hsa-miR-93,74.76,62.82,81.18,85.7,50.75,61.58,26.9,60.1,74.13,5.52,46.24,30.15,45.66,68.36,88.14,31.5,78.17,35.97
hsa-miR-933,9.46,11.27,5.52,6.41,12.31,4.02,22.24,9.46,9.92,26.27,14.39,17.32,11.27,12.97,7.22,9.64,7.22,11.43
hsa-miR-934,13.33,9.33,10.02,3.8,7.48,7.22,10.92,2.36,4.73,7.22,4.73,12.99,7.59,12.97,3.28,8.24,9.49,13.2
hsa-miR-935,21.66,12.6,10.02,12.99,14.33,4.96,13.36,9.46,5.56,14.89,17.04,11.43,15.45,23.99,17.21,20.2,24.35,14.96
hsa-miR-936,17.48,11.27,17.26,8.25,3.72,4.96,10.92,7.22,9.92,3.8,11.46,17.32,14.15,20.12,10.25,6.41,14.71,7.17
hsa-miR-937,26.71,19.57,20.04,20.15,25.94,17.52,20.12,13.36,16.92,22.04,15.87,21.57,15.45,35.52,26.71,12.5,12.33,21.57
hsa-miR-938,10.39,18.26,14.33,14.71,19.1,12.75,3.35,7.97,16.92,47.59,13.8,14.33,26.71,6.72,7.22,12.5,17.13,21.57
hsa-miR-939,12.47,6.28,12.4,6.41,4.96,9.71,1.66,11.43,13.2,22.04,10.02,9.71,7.59,12.97,7.22,17.23,14.71,11.43
hsa-miR-943,15.9,7.71,17.26,12.27,15.87,20.06,10.92,20.93,23.19,31.04,9.33,14.33,23.08,20.12,26.71,18.78,9.49,19.57
hsa-miR-944,2.57,9.33,13.27,4.73,7.48,9.05,12.35,2.36,6.41,13.04,11.46,16.24,7.59,6.72,13.84,5.52,9.49,3.8
hsa-miR-95,13.33,32.49,52.28,83.68,41.82,41.82,77.76,52.28,26.84,9.46,21.57,16.24,14.15,113.99,20.44,29.4,34.07,19.57
hsa-miR-96,61.1,186.31,262.62,583.3,220.53,191.3,838.07,169.51,143.33,838.07,442.29,664.82,266.94,688.92,88.14,300.58,731.98,351.11
hsa-miR-98,83.68,141.88,151.01,156.45,115.8,141.88,130.93,186.31,164.49,1559.29,100.08,156.45,161.42,100.81,92.23,169.51,73.83,318.48
hsa-miR-99a,202.07,1789.12,1305.14,749.47,3890.86,2409.95,1035.14,2118.81,688.92,241.38,156.45,285.67,125.29,363.31,2118.81,144.87,296.08,431.79
hsa-miR-99b,18.73,243.81,231.95,198.8,562.62,280.42,162.96,374.03,266.94,81.18,38.3,48.57,28.81,139.54,140.71,23.53,41.36,497.99
hsv1-miR-H1,73.53,23.8,18.78,31.67,15.87,24.35,31.15,24.41,16.12,9.46,123.8,200.43,202.07,51.3,38.67,231.95,202.07,21.57
hsv1-miR-H2-3p,4.02,7.71,4.38,3.8,9.44,9.71,9.46,13.36,11.02,9.46,4.73,11.43,4.23,16.75,13.84,7.22,12.33,8.24
hsv1-miR-H2-5p,5.52,7.22,7.22,7.23,7.48,7.22,12.35,5.01,9.33,9.46,3.59,9.71,1.96,9.71,7.22,12.5,12.33,7.17
hsv1-miR-H3,51.49,20.97,24.4,34.45,21.97,20.06,41.63,30.03,25.25,37.45,66.22,135.16,80.47,16.75,17.21,125.29,112.22,54.8
hsv1-miR-H4-3p,8.35,15.37,10.02,7.23,19.1,15.31,20.12,18.81,15.02,7.22,21.57,12.99,14.15,16.75,17.21,14.89,12.33,13.2
hsv1-miR-H4-5p,15.9,20.03,21.57,23.56,34.45,21.66,22.24,17.34,18.31,346.95,19.36,18.74,28.81,29.01,20.44,18.78,19.57,41.44
hsv1-miR-H7,25.86,21.69,10.02,25.25,30.39,20.06,20.12,20.07,18.31,47.59,31.19,25.23,35,29.01,20.44,34.63,28.81,77.34
hsv1-miR-H8,34.66,30.1,32.69,30,23.8,29.4,24.8,29.33,29.56,388.76,21.57,38.57,26.71,51.3,30.03,41.63,14.71,23.72
hsv2-miR-H2,7.23,7.22,14.33,14.71,12.31,18.71,22.24,13.36,4.73,14.89,7.36,18.74,35,9.71,13.84,17.23,7.22,19.57
hsv2-miR-H3,5.52,3.91,1.66,9.42,4.96,2.57,0,2.36,5.56,17.13,3.59,3.13,6.28,6.72,7.22,6.41,4.23,7.17
hsv2-miR-H4-3p,13.33,11.27,10.02,9.42,19.1,9.05,20.12,7.97,15.02,22.04,17.04,11.43,18.28,12.97,13.84,16.24,26.78,23.72
hsv2-miR-H4-5p,20.09,14.33,9.42,19.1,7.48,9.71,20.12,17.34,11.02,22.04,29.4,30.15,31.04,29.01,10.25,29.4,60.1,17.22
kshv-miR-K12-10a鋈miR-K12-10b,5.52,11.27,9.42,12.27,19.1,4.02,10.92,14.45,9.33,9.46,13.8,12.99,14.15,6.72,20.44,13.85,9.49,19.57
kshv-miR-K12-11,20.93,12.6,11.27,17.48,17.23,23.99,16.61,14.45,12.35,113.99,15.87,36.88,28.81,16.75,30.03,29.4,30.72,54.8
kshv-miR-K12-12,36.62,10.38,22.2,18.31,20.33,18.71,29.01,16.77,17.37,81.18,47.91,52.92,41.63,20.12,10.25,63.78,41.36,9.68
kshv-miR-K12-2,25.25,13.36,10.02,14.71,14.33,12.75,16.61,13.36,6.41,14.89,26.68,21.57,21.23,9.71,10.25,18.78,24.35,9.68
kshv-miR-K12-3,12.47,12.6,3.72,6.41,9.44,10.41,13.36,13.36,13.2,13.04,15.87,14.33,14.15,16.75,10.25,11.03,7.22,14.96
kshv-miR-K12-4-3p,7.23,3.91,7.22,11.03,4.96,9.71,12.35,9.46,7.22,14.89,2.91,9.71,10.02,9.71,3.28,11.03,7.22,13.2
kshv-miR-K12-4-5p,10.39,9.33,19.54,19.1,34.45,10.41,17.72,20.07,14.15,14.89,17.76,18.74,11.27,12.97,17.21,20.2,21.68,151.01
kshv-miR-K12-5,16.92,9.71,13.27,13.87,14.33,20.06,47.71,10.41,12.35,19.69,9.33,9.71,15.45,6.72,10.25,17.23,12.33,14.96
kshv-miR-K12-6-3p,20.09,21.69,17.72,12.27,19.1,12.3,22.24,14.45,13.2,7.22,13.8,12.99,10.02,16.75,13.84,23.53,14.71,17.22
kshv-miR-K12-6-5p,714.49,59.64,31.24,81.18,30.39,56.49,101.55,70.21,61.58,5.52,1088.42,1158.78,890.74,35.52,30.03,1305.14,1158.78,19.57
kshv-miR-K12-7,20.09,14.33,20.56,11.03,17.23,12.3,24.8,10.41,11.02,47.59,17.04,16.24,26.71,9.71,17.21,27.04,17.13,26.68
kshv-miR-K12-8,8.35,9.33,6.41,8.25,7.48,0.78,12.35,7.22,4.73,13.04,6.41,4.14,10.02,9.71,20.44,8.24,7.22,8.24
kshv-miR-K12-9,16.92,18.26,15.37,11.03,17.23,4.02,14.89,12.5,9.92,22.04,19.36,18.74,7.59,16.75,13.84,34.63,24.35,77.34
mcv-miR-M1-3p,7.23,9.33,12.4,15.37,14.33,6.28,10.92,9.46,11.02,11.27,7.36,12.99,15.45,9.71,10.25,16.24,9.49,11.43
mcv-miR-M1-5p,8.35,16.77,8.24,8.25,3.72,22.33,7.59,7.22,11.02,5.52,6.41,7.22,4.23,23.99,10.25,6.41,14.71,13.2
